availability_id,interviewer_id,available_slot,slot_period
AVAIL-00001,IV-001,2026-08-11 09:00,past
AVAIL-00002,IV-001,2026-08-11 10:00,past
AVAIL-00003,IV-001,2026-08-11 11:00,past
AVAIL-00004,IV-001,2026-08-11 13:00,past
AVAIL-00005,IV-001,2026-08-11 15:00,past
AVAIL-00006,IV-001,2026-08-19 09:00,past
AVAIL-00007,IV-001,2026-08-19 10:00,past
AVAIL-00008,IV-001,2026-08-19 11:00,past
AVAIL-00009,IV-001,2026-08-19 13:00,past
AVAIL-00010,IV-001,2026-08-19 16:00,past
AVAIL-00011,IV-001,2026-08-20 09:00,past
AVAIL-00012,IV-001,2026-08-20 10:00,past
AVAIL-00013,IV-001,2026-08-20 16:00,past
AVAIL-00014,IV-001,2026-08-21 11:00,past
AVAIL-00015,IV-001,2026-08-21 16:00,past
AVAIL-00016,IV-001,2026-09-02 09:00,future
AVAIL-00017,IV-001,2026-09-02 11:00,future
AVAIL-00018,IV-001,2026-09-02 13:00,future
AVAIL-00019,IV-001,2026-09-02 14:00,future
AVAIL-00020,IV-001,2026-09-02 15:00,future
AVAIL-00021,IV-001,2026-09-02 16:00,future
AVAIL-00022,IV-001,2026-09-11 09:00,future
AVAIL-00023,IV-001,2026-09-11 10:00,future
AVAIL-00024,IV-001,2026-09-11 11:00,future
AVAIL-00025,IV-001,2026-09-11 14:00,future
AVAIL-00026,IV-001,2026-09-11 15:00,future
AVAIL-00027,IV-001,2026-09-11 16:00,future
AVAIL-00028,IV-001,2026-09-14 09:00,future
AVAIL-00029,IV-001,2026-09-14 10:00,future
AVAIL-00030,IV-001,2026-09-14 11:00,future
AVAIL-00031,IV-001,2026-09-14 13:00,future
AVAIL-00032,IV-001,2026-09-14 14:00,future
AVAIL-00033,IV-001,2026-09-14 15:00,future
AVAIL-00034,IV-001,2026-09-14 16:00,future
AVAIL-00035,IV-001,2026-09-23 09:00,future
AVAIL-00036,IV-001,2026-09-23 10:00,future
AVAIL-00037,IV-001,2026-09-23 11:00,future
AVAIL-00038,IV-001,2026-09-23 13:00,future
AVAIL-00039,IV-001,2026-09-23 14:00,future
AVAIL-00040,IV-001,2026-09-23 15:00,future
AVAIL-00041,IV-001,2026-09-23 16:00,future
AVAIL-00042,IV-001,2026-09-28 09:00,future
AVAIL-00043,IV-001,2026-09-28 10:00,future
AVAIL-00044,IV-001,2026-09-28 11:00,future
AVAIL-00045,IV-001,2026-09-28 13:00,future
AVAIL-00046,IV-001,2026-09-28 14:00,future
AVAIL-00047,IV-001,2026-09-28 15:00,future
AVAIL-00048,IV-001,2026-09-28 16:00,future
AVAIL-00049,IV-001,2026-10-07 09:00,future
AVAIL-00050,IV-001,2026-10-07 10:00,future
AVAIL-00051,IV-001,2026-10-07 11:00,future
AVAIL-00052,IV-001,2026-10-07 13:00,future
AVAIL-00053,IV-001,2026-10-07 15:00,future
AVAIL-00054,IV-001,2026-10-07 16:00,future
AVAIL-00055,IV-001,2026-10-08 09:00,future
AVAIL-00056,IV-001,2026-10-08 10:00,future
AVAIL-00057,IV-001,2026-10-08 11:00,future
AVAIL-00058,IV-001,2026-10-08 13:00,future
AVAIL-00059,IV-001,2026-10-08 14:00,future
AVAIL-00060,IV-001,2026-10-08 15:00,future
AVAIL-00061,IV-001,2026-10-08 16:00,future
AVAIL-00062,IV-001,2026-10-15 09:00,future
AVAIL-00063,IV-001,2026-10-15 10:00,future
AVAIL-00064,IV-001,2026-10-15 11:00,future
AVAIL-00065,IV-001,2026-10-15 13:00,future
AVAIL-00066,IV-001,2026-10-15 14:00,future
AVAIL-00067,IV-001,2026-10-15 15:00,future
AVAIL-00068,IV-001,2026-10-15 16:00,future
AVAIL-00069,IV-001,2026-10-19 09:00,future
AVAIL-00070,IV-001,2026-10-19 10:00,future
AVAIL-00071,IV-001,2026-10-19 11:00,future
AVAIL-00072,IV-001,2026-10-19 13:00,future
AVAIL-00073,IV-001,2026-10-19 14:00,future
AVAIL-00074,IV-001,2026-10-19 15:00,future
AVAIL-00075,IV-001,2026-10-19 16:00,future
AVAIL-00076,IV-001,2026-11-03 09:00,future
AVAIL-00077,IV-001,2026-11-03 10:00,future
AVAIL-00078,IV-001,2026-11-03 11:00,future
AVAIL-00079,IV-001,2026-11-03 13:00,future
AVAIL-00080,IV-001,2026-11-03 14:00,future
AVAIL-00081,IV-001,2026-11-03 15:00,future
AVAIL-00082,IV-001,2026-11-03 16:00,future
AVAIL-00083,IV-001,2026-11-06 09:00,future
AVAIL-00084,IV-001,2026-11-06 11:00,future
AVAIL-00085,IV-001,2026-11-06 14:00,future
AVAIL-00086,IV-001,2026-11-06 15:00,future
AVAIL-00087,IV-001,2026-11-06 16:00,future
AVAIL-00088,IV-001,2026-11-18 09:00,future
AVAIL-00089,IV-001,2026-11-18 10:00,future
AVAIL-00090,IV-001,2026-11-18 11:00,future
AVAIL-00091,IV-001,2026-11-18 13:00,future
AVAIL-00092,IV-001,2026-11-18 14:00,future
AVAIL-00093,IV-001,2026-11-18 15:00,future
AVAIL-00094,IV-001,2026-11-18 16:00,future
AVAIL-00095,IV-002,2026-07-27 09:00,past
AVAIL-00096,IV-002,2026-07-27 13:00,past
AVAIL-00097,IV-002,2026-07-27 14:00,past
AVAIL-00098,IV-002,2026-07-28 11:00,past
AVAIL-00099,IV-002,2026-07-28 13:00,past
AVAIL-00100,IV-002,2026-08-03 09:00,past
AVAIL-00101,IV-002,2026-08-03 10:00,past
AVAIL-00102,IV-002,2026-08-03 11:00,past
AVAIL-00103,IV-002,2026-08-05 11:00,past
AVAIL-00104,IV-002,2026-08-06 11:00,past
AVAIL-00105,IV-002,2026-08-06 13:00,past
AVAIL-00106,IV-002,2026-08-10 10:00,past
AVAIL-00107,IV-002,2026-08-10 13:00,past
AVAIL-00108,IV-002,2026-08-10 15:00,past
AVAIL-00109,IV-002,2026-08-13 14:00,past
AVAIL-00110,IV-002,2026-08-13 15:00,past
AVAIL-00111,IV-002,2026-08-14 10:00,past
AVAIL-00112,IV-002,2026-08-14 14:00,past
AVAIL-00113,IV-002,2026-08-18 09:00,past
AVAIL-00114,IV-002,2026-08-18 10:00,past
AVAIL-00115,IV-002,2026-08-18 16:00,past
AVAIL-00116,IV-002,2026-08-19 09:00,past
AVAIL-00117,IV-002,2026-08-19 11:00,past
AVAIL-00118,IV-002,2026-08-19 15:00,past
AVAIL-00119,IV-002,2026-08-19 16:00,past
AVAIL-00120,IV-002,2026-08-20 09:00,past
AVAIL-00121,IV-002,2026-08-20 13:00,past
AVAIL-00122,IV-002,2026-08-20 16:00,past
AVAIL-00123,IV-002,2026-08-21 09:00,past
AVAIL-00124,IV-002,2026-08-21 10:00,past
AVAIL-00125,IV-002,2026-08-21 13:00,past
AVAIL-00126,IV-002,2026-08-26 09:00,future
AVAIL-00127,IV-002,2026-08-26 10:00,future
AVAIL-00128,IV-002,2026-08-26 11:00,future
AVAIL-00129,IV-002,2026-08-26 13:00,future
AVAIL-00130,IV-002,2026-08-26 14:00,future
AVAIL-00131,IV-002,2026-08-26 16:00,future
AVAIL-00132,IV-002,2026-08-27 09:00,future
AVAIL-00133,IV-002,2026-08-27 10:00,future
AVAIL-00134,IV-002,2026-08-27 13:00,future
AVAIL-00135,IV-002,2026-08-27 14:00,future
AVAIL-00136,IV-002,2026-08-27 15:00,future
AVAIL-00137,IV-002,2026-08-27 16:00,future
AVAIL-00138,IV-002,2026-08-31 09:00,future
AVAIL-00139,IV-002,2026-08-31 10:00,future
AVAIL-00140,IV-002,2026-08-31 11:00,future
AVAIL-00141,IV-002,2026-08-31 13:00,future
AVAIL-00142,IV-002,2026-08-31 14:00,future
AVAIL-00143,IV-002,2026-08-31 15:00,future
AVAIL-00144,IV-002,2026-08-31 16:00,future
AVAIL-00145,IV-002,2026-09-01 10:00,future
AVAIL-00146,IV-002,2026-09-01 11:00,future
AVAIL-00147,IV-002,2026-09-01 13:00,future
AVAIL-00148,IV-002,2026-09-01 14:00,future
AVAIL-00149,IV-002,2026-09-01 15:00,future
AVAIL-00150,IV-002,2026-09-01 16:00,future
AVAIL-00151,IV-002,2026-09-02 09:00,future
AVAIL-00152,IV-002,2026-09-02 10:00,future
AVAIL-00153,IV-002,2026-09-02 11:00,future
AVAIL-00154,IV-002,2026-09-02 13:00,future
AVAIL-00155,IV-002,2026-09-02 14:00,future
AVAIL-00156,IV-002,2026-09-02 15:00,future
AVAIL-00157,IV-002,2026-09-02 16:00,future
AVAIL-00158,IV-002,2026-09-03 09:00,future
AVAIL-00159,IV-002,2026-09-03 11:00,future
AVAIL-00160,IV-002,2026-09-03 13:00,future
AVAIL-00161,IV-002,2026-09-03 15:00,future
AVAIL-00162,IV-002,2026-09-03 16:00,future
AVAIL-00163,IV-002,2026-09-11 09:00,future
AVAIL-00164,IV-002,2026-09-11 10:00,future
AVAIL-00165,IV-002,2026-09-11 11:00,future
AVAIL-00166,IV-002,2026-09-11 13:00,future
AVAIL-00167,IV-002,2026-09-11 14:00,future
AVAIL-00168,IV-002,2026-09-11 15:00,future
AVAIL-00169,IV-002,2026-09-11 16:00,future
AVAIL-00170,IV-002,2026-09-15 09:00,future
AVAIL-00171,IV-002,2026-09-15 11:00,future
AVAIL-00172,IV-002,2026-09-15 13:00,future
AVAIL-00173,IV-002,2026-09-15 14:00,future
AVAIL-00174,IV-002,2026-09-15 15:00,future
AVAIL-00175,IV-002,2026-09-15 16:00,future
AVAIL-00176,IV-002,2026-09-18 09:00,future
AVAIL-00177,IV-002,2026-09-18 10:00,future
AVAIL-00178,IV-002,2026-09-18 11:00,future
AVAIL-00179,IV-002,2026-09-18 13:00,future
AVAIL-00180,IV-002,2026-09-18 14:00,future
AVAIL-00181,IV-002,2026-09-18 16:00,future
AVAIL-00182,IV-002,2026-09-21 09:00,future
AVAIL-00183,IV-002,2026-09-21 10:00,future
AVAIL-00184,IV-002,2026-09-21 11:00,future
AVAIL-00185,IV-002,2026-09-21 13:00,future
AVAIL-00186,IV-002,2026-09-21 15:00,future
AVAIL-00187,IV-002,2026-09-21 16:00,future
AVAIL-00188,IV-002,2026-09-22 09:00,future
AVAIL-00189,IV-002,2026-09-22 10:00,future
AVAIL-00190,IV-002,2026-09-22 11:00,future
AVAIL-00191,IV-002,2026-09-22 13:00,future
AVAIL-00192,IV-002,2026-09-22 15:00,future
AVAIL-00193,IV-002,2026-09-22 16:00,future
AVAIL-00194,IV-002,2026-09-28 09:00,future
AVAIL-00195,IV-002,2026-09-28 10:00,future
AVAIL-00196,IV-002,2026-09-28 11:00,future
AVAIL-00197,IV-002,2026-09-28 13:00,future
AVAIL-00198,IV-002,2026-09-28 14:00,future
AVAIL-00199,IV-002,2026-09-28 15:00,future
AVAIL-00200,IV-002,2026-09-28 16:00,future
AVAIL-00201,IV-002,2026-09-29 09:00,future
AVAIL-00202,IV-002,2026-09-29 10:00,future
AVAIL-00203,IV-002,2026-09-29 13:00,future
AVAIL-00204,IV-002,2026-09-29 14:00,future
AVAIL-00205,IV-002,2026-09-29 15:00,future
AVAIL-00206,IV-002,2026-09-29 16:00,future
AVAIL-00207,IV-002,2026-10-01 09:00,future
AVAIL-00208,IV-002,2026-10-01 10:00,future
AVAIL-00209,IV-002,2026-10-01 11:00,future
AVAIL-00210,IV-002,2026-10-01 13:00,future
AVAIL-00211,IV-002,2026-10-01 14:00,future
AVAIL-00212,IV-002,2026-10-01 15:00,future
AVAIL-00213,IV-002,2026-10-01 16:00,future
AVAIL-00214,IV-002,2026-10-02 10:00,future
AVAIL-00215,IV-002,2026-10-02 11:00,future
AVAIL-00216,IV-002,2026-10-02 13:00,future
AVAIL-00217,IV-002,2026-10-02 14:00,future
AVAIL-00218,IV-002,2026-10-02 15:00,future
AVAIL-00219,IV-002,2026-10-02 16:00,future
AVAIL-00220,IV-002,2026-10-05 09:00,future
AVAIL-00221,IV-002,2026-10-05 10:00,future
AVAIL-00222,IV-002,2026-10-05 11:00,future
AVAIL-00223,IV-002,2026-10-05 14:00,future
AVAIL-00224,IV-002,2026-10-05 15:00,future
AVAIL-00225,IV-002,2026-10-05 16:00,future
AVAIL-00226,IV-002,2026-10-06 09:00,future
AVAIL-00227,IV-002,2026-10-06 10:00,future
AVAIL-00228,IV-002,2026-10-06 11:00,future
AVAIL-00229,IV-002,2026-10-06 13:00,future
AVAIL-00230,IV-002,2026-10-06 14:00,future
AVAIL-00231,IV-002,2026-10-06 15:00,future
AVAIL-00232,IV-002,2026-10-06 16:00,future
AVAIL-00233,IV-002,2026-10-07 09:00,future
AVAIL-00234,IV-002,2026-10-07 10:00,future
AVAIL-00235,IV-002,2026-10-07 11:00,future
AVAIL-00236,IV-002,2026-10-07 13:00,future
AVAIL-00237,IV-002,2026-10-07 14:00,future
AVAIL-00238,IV-002,2026-10-09 09:00,future
AVAIL-00239,IV-002,2026-10-09 10:00,future
AVAIL-00240,IV-002,2026-10-09 11:00,future
AVAIL-00241,IV-002,2026-10-09 13:00,future
AVAIL-00242,IV-002,2026-10-09 14:00,future
AVAIL-00243,IV-002,2026-10-09 16:00,future
AVAIL-00244,IV-002,2026-10-12 09:00,future
AVAIL-00245,IV-002,2026-10-12 11:00,future
AVAIL-00246,IV-002,2026-10-12 13:00,future
AVAIL-00247,IV-002,2026-10-12 14:00,future
AVAIL-00248,IV-002,2026-10-12 15:00,future
AVAIL-00249,IV-002,2026-10-12 16:00,future
AVAIL-00250,IV-002,2026-10-16 09:00,future
AVAIL-00251,IV-002,2026-10-16 10:00,future
AVAIL-00252,IV-002,2026-10-16 11:00,future
AVAIL-00253,IV-002,2026-10-16 13:00,future
AVAIL-00254,IV-002,2026-10-16 14:00,future
AVAIL-00255,IV-002,2026-10-16 15:00,future
AVAIL-00256,IV-002,2026-10-16 16:00,future
AVAIL-00257,IV-002,2026-10-19 09:00,future
AVAIL-00258,IV-002,2026-10-19 11:00,future
AVAIL-00259,IV-002,2026-10-19 13:00,future
AVAIL-00260,IV-002,2026-10-19 14:00,future
AVAIL-00261,IV-002,2026-10-19 15:00,future
AVAIL-00262,IV-002,2026-10-20 09:00,future
AVAIL-00263,IV-002,2026-10-20 11:00,future
AVAIL-00264,IV-002,2026-10-20 13:00,future
AVAIL-00265,IV-002,2026-10-20 14:00,future
AVAIL-00266,IV-002,2026-10-20 15:00,future
AVAIL-00267,IV-002,2026-10-20 16:00,future
AVAIL-00268,IV-002,2026-10-21 10:00,future
AVAIL-00269,IV-002,2026-10-21 11:00,future
AVAIL-00270,IV-002,2026-10-21 13:00,future
AVAIL-00271,IV-002,2026-10-21 14:00,future
AVAIL-00272,IV-002,2026-10-21 15:00,future
AVAIL-00273,IV-002,2026-10-21 16:00,future
AVAIL-00274,IV-002,2026-10-22 09:00,future
AVAIL-00275,IV-002,2026-10-22 10:00,future
AVAIL-00276,IV-002,2026-10-22 11:00,future
AVAIL-00277,IV-002,2026-10-22 13:00,future
AVAIL-00278,IV-002,2026-10-22 14:00,future
AVAIL-00279,IV-002,2026-10-22 16:00,future
AVAIL-00280,IV-002,2026-10-23 10:00,future
AVAIL-00281,IV-002,2026-10-23 11:00,future
AVAIL-00282,IV-002,2026-10-23 13:00,future
AVAIL-00283,IV-002,2026-10-23 14:00,future
AVAIL-00284,IV-002,2026-10-23 15:00,future
AVAIL-00285,IV-002,2026-10-23 16:00,future
AVAIL-00286,IV-002,2026-10-26 09:00,future
AVAIL-00287,IV-002,2026-10-26 10:00,future
AVAIL-00288,IV-002,2026-10-26 11:00,future
AVAIL-00289,IV-002,2026-10-26 14:00,future
AVAIL-00290,IV-002,2026-10-26 15:00,future
AVAIL-00291,IV-002,2026-10-26 16:00,future
AVAIL-00292,IV-002,2026-10-27 09:00,future
AVAIL-00293,IV-002,2026-10-27 10:00,future
AVAIL-00294,IV-002,2026-10-27 11:00,future
AVAIL-00295,IV-002,2026-10-27 14:00,future
AVAIL-00296,IV-002,2026-10-27 15:00,future
AVAIL-00297,IV-002,2026-10-27 16:00,future
AVAIL-00298,IV-002,2026-10-29 09:00,future
AVAIL-00299,IV-002,2026-10-29 10:00,future
AVAIL-00300,IV-002,2026-10-29 11:00,future
AVAIL-00301,IV-002,2026-10-29 13:00,future
AVAIL-00302,IV-002,2026-10-29 14:00,future
AVAIL-00303,IV-002,2026-10-29 15:00,future
AVAIL-00304,IV-002,2026-10-29 16:00,future
AVAIL-00305,IV-002,2026-10-30 09:00,future
AVAIL-00306,IV-002,2026-10-30 10:00,future
AVAIL-00307,IV-002,2026-10-30 11:00,future
AVAIL-00308,IV-002,2026-10-30 13:00,future
AVAIL-00309,IV-002,2026-10-30 15:00,future
AVAIL-00310,IV-002,2026-10-30 16:00,future
AVAIL-00311,IV-002,2026-11-05 09:00,future
AVAIL-00312,IV-002,2026-11-05 10:00,future
AVAIL-00313,IV-002,2026-11-05 11:00,future
AVAIL-00314,IV-002,2026-11-05 13:00,future
AVAIL-00315,IV-002,2026-11-05 15:00,future
AVAIL-00316,IV-002,2026-11-09 09:00,future
AVAIL-00317,IV-002,2026-11-09 10:00,future
AVAIL-00318,IV-002,2026-11-09 11:00,future
AVAIL-00319,IV-002,2026-11-09 13:00,future
AVAIL-00320,IV-002,2026-11-09 14:00,future
AVAIL-00321,IV-002,2026-11-09 15:00,future
AVAIL-00322,IV-002,2026-11-09 16:00,future
AVAIL-00323,IV-002,2026-11-12 09:00,future
AVAIL-00324,IV-002,2026-11-12 10:00,future
AVAIL-00325,IV-002,2026-11-12 11:00,future
AVAIL-00326,IV-002,2026-11-12 13:00,future
AVAIL-00327,IV-002,2026-11-12 14:00,future
AVAIL-00328,IV-002,2026-11-12 15:00,future
AVAIL-00329,IV-002,2026-11-12 16:00,future
AVAIL-00330,IV-002,2026-11-13 11:00,future
AVAIL-00331,IV-002,2026-11-13 13:00,future
AVAIL-00332,IV-002,2026-11-13 14:00,future
AVAIL-00333,IV-002,2026-11-13 15:00,future
AVAIL-00334,IV-002,2026-11-13 16:00,future
AVAIL-00335,IV-002,2026-11-17 09:00,future
AVAIL-00336,IV-002,2026-11-17 10:00,future
AVAIL-00337,IV-002,2026-11-17 11:00,future
AVAIL-00338,IV-002,2026-11-17 16:00,future
AVAIL-00339,IV-002,2026-11-20 09:00,future
AVAIL-00340,IV-002,2026-11-20 10:00,future
AVAIL-00341,IV-002,2026-11-20 11:00,future
AVAIL-00342,IV-002,2026-11-20 13:00,future
AVAIL-00343,IV-002,2026-11-20 14:00,future
AVAIL-00344,IV-002,2026-11-20 15:00,future
AVAIL-00345,IV-002,2026-11-20 16:00,future
AVAIL-00346,IV-003,2026-07-24 13:00,past
AVAIL-00347,IV-003,2026-07-24 15:00,past
AVAIL-00348,IV-003,2026-07-29 11:00,past
AVAIL-00349,IV-003,2026-07-29 16:00,past
AVAIL-00350,IV-003,2026-07-30 11:00,past
AVAIL-00351,IV-003,2026-07-30 13:00,past
AVAIL-00352,IV-003,2026-07-30 16:00,past
AVAIL-00353,IV-003,2026-08-07 09:00,past
AVAIL-00354,IV-003,2026-08-07 10:00,past
AVAIL-00355,IV-003,2026-08-07 11:00,past
AVAIL-00356,IV-003,2026-08-07 16:00,past
AVAIL-00357,IV-003,2026-08-12 09:00,past
AVAIL-00358,IV-003,2026-08-14 10:00,past
AVAIL-00359,IV-003,2026-08-14 15:00,past
AVAIL-00360,IV-003,2026-08-17 10:00,past
AVAIL-00361,IV-003,2026-08-21 10:00,past
AVAIL-00362,IV-003,2026-08-21 15:00,past
AVAIL-00363,IV-003,2026-08-24 09:00,future
AVAIL-00364,IV-003,2026-08-24 11:00,future
AVAIL-00365,IV-003,2026-08-24 13:00,future
AVAIL-00366,IV-003,2026-08-24 15:00,future
AVAIL-00367,IV-003,2026-08-24 16:00,future
AVAIL-00368,IV-003,2026-08-28 09:00,future
AVAIL-00369,IV-003,2026-08-28 10:00,future
AVAIL-00370,IV-003,2026-08-28 11:00,future
AVAIL-00371,IV-003,2026-08-28 13:00,future
AVAIL-00372,IV-003,2026-08-28 14:00,future
AVAIL-00373,IV-003,2026-08-28 15:00,future
AVAIL-00374,IV-003,2026-08-28 16:00,future
AVAIL-00375,IV-003,2026-09-03 09:00,future
AVAIL-00376,IV-003,2026-09-03 10:00,future
AVAIL-00377,IV-003,2026-09-03 11:00,future
AVAIL-00378,IV-003,2026-09-03 13:00,future
AVAIL-00379,IV-003,2026-09-03 14:00,future
AVAIL-00380,IV-003,2026-09-03 15:00,future
AVAIL-00381,IV-003,2026-09-03 16:00,future
AVAIL-00382,IV-003,2026-09-10 10:00,future
AVAIL-00383,IV-003,2026-09-10 11:00,future
AVAIL-00384,IV-003,2026-09-10 14:00,future
AVAIL-00385,IV-003,2026-09-10 16:00,future
AVAIL-00386,IV-003,2026-09-11 10:00,future
AVAIL-00387,IV-003,2026-09-11 11:00,future
AVAIL-00388,IV-003,2026-09-11 14:00,future
AVAIL-00389,IV-003,2026-09-11 15:00,future
AVAIL-00390,IV-003,2026-09-11 16:00,future
AVAIL-00391,IV-003,2026-09-17 09:00,future
AVAIL-00392,IV-003,2026-09-17 10:00,future
AVAIL-00393,IV-003,2026-09-17 11:00,future
AVAIL-00394,IV-003,2026-09-17 13:00,future
AVAIL-00395,IV-003,2026-09-17 14:00,future
AVAIL-00396,IV-003,2026-09-17 15:00,future
AVAIL-00397,IV-003,2026-09-17 16:00,future
AVAIL-00398,IV-003,2026-09-21 09:00,future
AVAIL-00399,IV-003,2026-09-21 10:00,future
AVAIL-00400,IV-003,2026-09-21 11:00,future
AVAIL-00401,IV-003,2026-09-21 13:00,future
AVAIL-00402,IV-003,2026-09-21 14:00,future
AVAIL-00403,IV-003,2026-09-21 15:00,future
AVAIL-00404,IV-003,2026-09-21 16:00,future
AVAIL-00405,IV-003,2026-09-24 09:00,future
AVAIL-00406,IV-003,2026-09-24 10:00,future
AVAIL-00407,IV-003,2026-09-24 11:00,future
AVAIL-00408,IV-003,2026-09-24 13:00,future
AVAIL-00409,IV-003,2026-09-24 14:00,future
AVAIL-00410,IV-003,2026-09-24 15:00,future
AVAIL-00411,IV-003,2026-09-28 09:00,future
AVAIL-00412,IV-003,2026-09-28 10:00,future
AVAIL-00413,IV-003,2026-09-28 11:00,future
AVAIL-00414,IV-003,2026-09-28 13:00,future
AVAIL-00415,IV-003,2026-09-28 14:00,future
AVAIL-00416,IV-003,2026-09-28 15:00,future
AVAIL-00417,IV-003,2026-09-28 16:00,future
AVAIL-00418,IV-003,2026-09-30 09:00,future
AVAIL-00419,IV-003,2026-09-30 11:00,future
AVAIL-00420,IV-003,2026-09-30 13:00,future
AVAIL-00421,IV-003,2026-09-30 14:00,future
AVAIL-00422,IV-003,2026-09-30 15:00,future
AVAIL-00423,IV-003,2026-09-30 16:00,future
AVAIL-00424,IV-003,2026-10-02 09:00,future
AVAIL-00425,IV-003,2026-10-02 10:00,future
AVAIL-00426,IV-003,2026-10-02 11:00,future
AVAIL-00427,IV-003,2026-10-02 13:00,future
AVAIL-00428,IV-003,2026-10-02 14:00,future
AVAIL-00429,IV-003,2026-10-02 15:00,future
AVAIL-00430,IV-003,2026-10-05 09:00,future
AVAIL-00431,IV-003,2026-10-05 11:00,future
AVAIL-00432,IV-003,2026-10-05 13:00,future
AVAIL-00433,IV-003,2026-10-05 15:00,future
AVAIL-00434,IV-003,2026-10-05 16:00,future
AVAIL-00435,IV-003,2026-10-07 09:00,future
AVAIL-00436,IV-003,2026-10-07 10:00,future
AVAIL-00437,IV-003,2026-10-07 11:00,future
AVAIL-00438,IV-003,2026-10-07 14:00,future
AVAIL-00439,IV-003,2026-10-07 15:00,future
AVAIL-00440,IV-003,2026-10-07 16:00,future
AVAIL-00441,IV-003,2026-10-08 09:00,future
AVAIL-00442,IV-003,2026-10-08 10:00,future
AVAIL-00443,IV-003,2026-10-08 11:00,future
AVAIL-00444,IV-003,2026-10-08 13:00,future
AVAIL-00445,IV-003,2026-10-08 14:00,future
AVAIL-00446,IV-003,2026-10-08 16:00,future
AVAIL-00447,IV-003,2026-10-09 09:00,future
AVAIL-00448,IV-003,2026-10-09 10:00,future
AVAIL-00449,IV-003,2026-10-09 11:00,future
AVAIL-00450,IV-003,2026-10-09 13:00,future
AVAIL-00451,IV-003,2026-10-09 14:00,future
AVAIL-00452,IV-003,2026-10-09 15:00,future
AVAIL-00453,IV-003,2026-10-12 09:00,future
AVAIL-00454,IV-003,2026-10-12 10:00,future
AVAIL-00455,IV-003,2026-10-12 11:00,future
AVAIL-00456,IV-003,2026-10-12 13:00,future
AVAIL-00457,IV-003,2026-10-12 14:00,future
AVAIL-00458,IV-003,2026-10-12 16:00,future
AVAIL-00459,IV-003,2026-10-13 09:00,future
AVAIL-00460,IV-003,2026-10-13 10:00,future
AVAIL-00461,IV-003,2026-10-13 11:00,future
AVAIL-00462,IV-003,2026-10-13 13:00,future
AVAIL-00463,IV-003,2026-10-13 14:00,future
AVAIL-00464,IV-003,2026-10-13 15:00,future
AVAIL-00465,IV-003,2026-10-14 09:00,future
AVAIL-00466,IV-003,2026-10-14 10:00,future
AVAIL-00467,IV-003,2026-10-14 11:00,future
AVAIL-00468,IV-003,2026-10-14 13:00,future
AVAIL-00469,IV-003,2026-10-14 14:00,future
AVAIL-00470,IV-003,2026-10-14 15:00,future
AVAIL-00471,IV-003,2026-10-14 16:00,future
AVAIL-00472,IV-003,2026-10-16 09:00,future
AVAIL-00473,IV-003,2026-10-16 10:00,future
AVAIL-00474,IV-003,2026-10-16 11:00,future
AVAIL-00475,IV-003,2026-10-16 13:00,future
AVAIL-00476,IV-003,2026-10-16 14:00,future
AVAIL-00477,IV-003,2026-10-16 15:00,future
AVAIL-00478,IV-003,2026-10-20 09:00,future
AVAIL-00479,IV-003,2026-10-20 10:00,future
AVAIL-00480,IV-003,2026-10-20 11:00,future
AVAIL-00481,IV-003,2026-10-20 13:00,future
AVAIL-00482,IV-003,2026-10-20 14:00,future
AVAIL-00483,IV-003,2026-10-20 15:00,future
AVAIL-00484,IV-003,2026-10-20 16:00,future
AVAIL-00485,IV-003,2026-10-26 09:00,future
AVAIL-00486,IV-003,2026-10-26 10:00,future
AVAIL-00487,IV-003,2026-10-26 13:00,future
AVAIL-00488,IV-003,2026-10-26 14:00,future
AVAIL-00489,IV-003,2026-10-26 15:00,future
AVAIL-00490,IV-003,2026-10-26 16:00,future
AVAIL-00491,IV-003,2026-10-27 09:00,future
AVAIL-00492,IV-003,2026-10-27 10:00,future
AVAIL-00493,IV-003,2026-10-27 11:00,future
AVAIL-00494,IV-003,2026-10-27 13:00,future
AVAIL-00495,IV-003,2026-10-27 14:00,future
AVAIL-00496,IV-003,2026-10-27 15:00,future
AVAIL-00497,IV-003,2026-10-27 16:00,future
AVAIL-00498,IV-003,2026-11-03 10:00,future
AVAIL-00499,IV-003,2026-11-03 11:00,future
AVAIL-00500,IV-003,2026-11-03 13:00,future
AVAIL-00501,IV-003,2026-11-03 14:00,future
AVAIL-00502,IV-003,2026-11-03 16:00,future
AVAIL-00503,IV-003,2026-11-05 09:00,future
AVAIL-00504,IV-003,2026-11-05 11:00,future
AVAIL-00505,IV-003,2026-11-05 13:00,future
AVAIL-00506,IV-003,2026-11-05 14:00,future
AVAIL-00507,IV-003,2026-11-05 15:00,future
AVAIL-00508,IV-003,2026-11-05 16:00,future
AVAIL-00509,IV-003,2026-11-11 09:00,future
AVAIL-00510,IV-003,2026-11-11 11:00,future
AVAIL-00511,IV-003,2026-11-11 13:00,future
AVAIL-00512,IV-003,2026-11-11 14:00,future
AVAIL-00513,IV-003,2026-11-11 15:00,future
AVAIL-00514,IV-003,2026-11-11 16:00,future
AVAIL-00515,IV-004,2026-07-28 09:00,past
AVAIL-00516,IV-004,2026-07-28 10:00,past
AVAIL-00517,IV-004,2026-07-29 09:00,past
AVAIL-00518,IV-004,2026-07-29 11:00,past
AVAIL-00519,IV-004,2026-07-29 15:00,past
AVAIL-00520,IV-004,2026-07-29 16:00,past
AVAIL-00521,IV-004,2026-07-30 09:00,past
AVAIL-00522,IV-004,2026-07-30 13:00,past
AVAIL-00523,IV-004,2026-08-04 14:00,past
AVAIL-00524,IV-004,2026-08-04 16:00,past
AVAIL-00525,IV-004,2026-08-05 09:00,past
AVAIL-00526,IV-004,2026-08-05 11:00,past
AVAIL-00527,IV-004,2026-08-05 14:00,past
AVAIL-00528,IV-004,2026-08-05 15:00,past
AVAIL-00529,IV-004,2026-08-06 10:00,past
AVAIL-00530,IV-004,2026-08-06 13:00,past
AVAIL-00531,IV-004,2026-08-06 15:00,past
AVAIL-00532,IV-004,2026-08-07 11:00,past
AVAIL-00533,IV-004,2026-08-10 13:00,past
AVAIL-00534,IV-004,2026-08-10 14:00,past
AVAIL-00535,IV-004,2026-08-12 13:00,past
AVAIL-00536,IV-004,2026-08-12 14:00,past
AVAIL-00537,IV-004,2026-08-12 15:00,past
AVAIL-00538,IV-004,2026-08-12 16:00,past
AVAIL-00539,IV-004,2026-08-13 10:00,past
AVAIL-00540,IV-004,2026-08-14 11:00,past
AVAIL-00541,IV-004,2026-08-14 13:00,past
AVAIL-00542,IV-004,2026-08-14 15:00,past
AVAIL-00543,IV-004,2026-08-17 10:00,past
AVAIL-00544,IV-004,2026-08-17 16:00,past
AVAIL-00545,IV-004,2026-08-21 09:00,past
AVAIL-00546,IV-004,2026-08-21 10:00,past
AVAIL-00547,IV-004,2026-08-21 16:00,past
AVAIL-00548,IV-004,2026-08-24 09:00,future
AVAIL-00549,IV-004,2026-08-24 10:00,future
AVAIL-00550,IV-004,2026-08-24 11:00,future
AVAIL-00551,IV-004,2026-08-24 13:00,future
AVAIL-00552,IV-004,2026-08-24 14:00,future
AVAIL-00553,IV-004,2026-08-24 15:00,future
AVAIL-00554,IV-004,2026-08-24 16:00,future
AVAIL-00555,IV-004,2026-08-25 09:00,future
AVAIL-00556,IV-004,2026-08-25 10:00,future
AVAIL-00557,IV-004,2026-08-25 11:00,future
AVAIL-00558,IV-004,2026-08-25 13:00,future
AVAIL-00559,IV-004,2026-08-25 14:00,future
AVAIL-00560,IV-004,2026-08-25 15:00,future
AVAIL-00561,IV-004,2026-08-25 16:00,future
AVAIL-00562,IV-004,2026-08-26 09:00,future
AVAIL-00563,IV-004,2026-08-26 10:00,future
AVAIL-00564,IV-004,2026-08-26 11:00,future
AVAIL-00565,IV-004,2026-08-26 14:00,future
AVAIL-00566,IV-004,2026-08-26 15:00,future
AVAIL-00567,IV-004,2026-08-27 09:00,future
AVAIL-00568,IV-004,2026-08-27 10:00,future
AVAIL-00569,IV-004,2026-08-27 11:00,future
AVAIL-00570,IV-004,2026-08-27 13:00,future
AVAIL-00571,IV-004,2026-08-27 14:00,future
AVAIL-00572,IV-004,2026-08-27 15:00,future
AVAIL-00573,IV-004,2026-08-27 16:00,future
AVAIL-00574,IV-004,2026-08-28 09:00,future
AVAIL-00575,IV-004,2026-08-28 10:00,future
AVAIL-00576,IV-004,2026-08-28 11:00,future
AVAIL-00577,IV-004,2026-08-28 13:00,future
AVAIL-00578,IV-004,2026-08-28 14:00,future
AVAIL-00579,IV-004,2026-08-28 15:00,future
AVAIL-00580,IV-004,2026-08-28 16:00,future
AVAIL-00581,IV-004,2026-08-31 09:00,future
AVAIL-00582,IV-004,2026-08-31 11:00,future
AVAIL-00583,IV-004,2026-08-31 13:00,future
AVAIL-00584,IV-004,2026-08-31 14:00,future
AVAIL-00585,IV-004,2026-08-31 16:00,future
AVAIL-00586,IV-004,2026-09-01 09:00,future
AVAIL-00587,IV-004,2026-09-01 10:00,future
AVAIL-00588,IV-004,2026-09-01 13:00,future
AVAIL-00589,IV-004,2026-09-01 14:00,future
AVAIL-00590,IV-004,2026-09-01 15:00,future
AVAIL-00591,IV-004,2026-09-01 16:00,future
AVAIL-00592,IV-004,2026-09-03 09:00,future
AVAIL-00593,IV-004,2026-09-03 10:00,future
AVAIL-00594,IV-004,2026-09-03 14:00,future
AVAIL-00595,IV-004,2026-09-03 15:00,future
AVAIL-00596,IV-004,2026-09-03 16:00,future
AVAIL-00597,IV-004,2026-09-08 09:00,future
AVAIL-00598,IV-004,2026-09-08 10:00,future
AVAIL-00599,IV-004,2026-09-08 11:00,future
AVAIL-00600,IV-004,2026-09-08 13:00,future
AVAIL-00601,IV-004,2026-09-08 14:00,future
AVAIL-00602,IV-004,2026-09-08 15:00,future
AVAIL-00603,IV-004,2026-09-08 16:00,future
AVAIL-00604,IV-004,2026-09-11 09:00,future
AVAIL-00605,IV-004,2026-09-11 10:00,future
AVAIL-00606,IV-004,2026-09-11 13:00,future
AVAIL-00607,IV-004,2026-09-11 14:00,future
AVAIL-00608,IV-004,2026-09-11 15:00,future
AVAIL-00609,IV-004,2026-09-11 16:00,future
AVAIL-00610,IV-004,2026-09-14 09:00,future
AVAIL-00611,IV-004,2026-09-14 10:00,future
AVAIL-00612,IV-004,2026-09-14 11:00,future
AVAIL-00613,IV-004,2026-09-14 13:00,future
AVAIL-00614,IV-004,2026-09-14 14:00,future
AVAIL-00615,IV-004,2026-09-14 15:00,future
AVAIL-00616,IV-004,2026-09-14 16:00,future
AVAIL-00617,IV-004,2026-09-15 09:00,future
AVAIL-00618,IV-004,2026-09-15 10:00,future
AVAIL-00619,IV-004,2026-09-15 11:00,future
AVAIL-00620,IV-004,2026-09-15 13:00,future
AVAIL-00621,IV-004,2026-09-15 14:00,future
AVAIL-00622,IV-004,2026-09-15 15:00,future
AVAIL-00623,IV-004,2026-09-15 16:00,future
AVAIL-00624,IV-004,2026-09-16 09:00,future
AVAIL-00625,IV-004,2026-09-16 10:00,future
AVAIL-00626,IV-004,2026-09-16 13:00,future
AVAIL-00627,IV-004,2026-09-16 14:00,future
AVAIL-00628,IV-004,2026-09-16 15:00,future
AVAIL-00629,IV-004,2026-09-16 16:00,future
AVAIL-00630,IV-004,2026-09-18 09:00,future
AVAIL-00631,IV-004,2026-09-18 10:00,future
AVAIL-00632,IV-004,2026-09-18 11:00,future
AVAIL-00633,IV-004,2026-09-18 13:00,future
AVAIL-00634,IV-004,2026-09-18 14:00,future
AVAIL-00635,IV-004,2026-09-18 15:00,future
AVAIL-00636,IV-004,2026-09-18 16:00,future
AVAIL-00637,IV-004,2026-09-22 09:00,future
AVAIL-00638,IV-004,2026-09-22 10:00,future
AVAIL-00639,IV-004,2026-09-22 11:00,future
AVAIL-00640,IV-004,2026-09-22 13:00,future
AVAIL-00641,IV-004,2026-09-22 15:00,future
AVAIL-00642,IV-004,2026-09-23 10:00,future
AVAIL-00643,IV-004,2026-09-23 11:00,future
AVAIL-00644,IV-004,2026-09-23 13:00,future
AVAIL-00645,IV-004,2026-09-23 14:00,future
AVAIL-00646,IV-004,2026-09-23 15:00,future
AVAIL-00647,IV-004,2026-09-23 16:00,future
AVAIL-00648,IV-004,2026-09-28 09:00,future
AVAIL-00649,IV-004,2026-09-28 10:00,future
AVAIL-00650,IV-004,2026-09-28 11:00,future
AVAIL-00651,IV-004,2026-09-28 13:00,future
AVAIL-00652,IV-004,2026-09-28 14:00,future
AVAIL-00653,IV-004,2026-09-28 15:00,future
AVAIL-00654,IV-004,2026-09-28 16:00,future
AVAIL-00655,IV-004,2026-09-29 10:00,future
AVAIL-00656,IV-004,2026-09-29 11:00,future
AVAIL-00657,IV-004,2026-09-29 13:00,future
AVAIL-00658,IV-004,2026-09-29 14:00,future
AVAIL-00659,IV-004,2026-09-29 15:00,future
AVAIL-00660,IV-004,2026-09-29 16:00,future
AVAIL-00661,IV-004,2026-10-02 09:00,future
AVAIL-00662,IV-004,2026-10-02 10:00,future
AVAIL-00663,IV-004,2026-10-02 11:00,future
AVAIL-00664,IV-004,2026-10-02 13:00,future
AVAIL-00665,IV-004,2026-10-02 14:00,future
AVAIL-00666,IV-004,2026-10-02 15:00,future
AVAIL-00667,IV-004,2026-10-02 16:00,future
AVAIL-00668,IV-004,2026-10-05 09:00,future
AVAIL-00669,IV-004,2026-10-05 10:00,future
AVAIL-00670,IV-004,2026-10-05 11:00,future
AVAIL-00671,IV-004,2026-10-05 13:00,future
AVAIL-00672,IV-004,2026-10-05 14:00,future
AVAIL-00673,IV-004,2026-10-05 15:00,future
AVAIL-00674,IV-004,2026-10-05 16:00,future
AVAIL-00675,IV-004,2026-10-08 09:00,future
AVAIL-00676,IV-004,2026-10-08 10:00,future
AVAIL-00677,IV-004,2026-10-08 11:00,future
AVAIL-00678,IV-004,2026-10-08 13:00,future
AVAIL-00679,IV-004,2026-10-08 14:00,future
AVAIL-00680,IV-004,2026-10-09 09:00,future
AVAIL-00681,IV-004,2026-10-09 10:00,future
AVAIL-00682,IV-004,2026-10-09 11:00,future
AVAIL-00683,IV-004,2026-10-09 13:00,future
AVAIL-00684,IV-004,2026-10-09 14:00,future
AVAIL-00685,IV-004,2026-10-09 15:00,future
AVAIL-00686,IV-004,2026-10-09 16:00,future
AVAIL-00687,IV-004,2026-10-12 09:00,future
AVAIL-00688,IV-004,2026-10-12 10:00,future
AVAIL-00689,IV-004,2026-10-12 11:00,future
AVAIL-00690,IV-004,2026-10-12 13:00,future
AVAIL-00691,IV-004,2026-10-12 14:00,future
AVAIL-00692,IV-004,2026-10-12 15:00,future
AVAIL-00693,IV-004,2026-10-12 16:00,future
AVAIL-00694,IV-004,2026-10-13 09:00,future
AVAIL-00695,IV-004,2026-10-13 10:00,future
AVAIL-00696,IV-004,2026-10-13 13:00,future
AVAIL-00697,IV-004,2026-10-13 14:00,future
AVAIL-00698,IV-004,2026-10-13 15:00,future
AVAIL-00699,IV-004,2026-10-13 16:00,future
AVAIL-00700,IV-004,2026-10-14 09:00,future
AVAIL-00701,IV-004,2026-10-14 10:00,future
AVAIL-00702,IV-004,2026-10-14 11:00,future
AVAIL-00703,IV-004,2026-10-14 13:00,future
AVAIL-00704,IV-004,2026-10-14 14:00,future
AVAIL-00705,IV-004,2026-10-14 15:00,future
AVAIL-00706,IV-004,2026-10-14 16:00,future
AVAIL-00707,IV-004,2026-10-15 10:00,future
AVAIL-00708,IV-004,2026-10-15 11:00,future
AVAIL-00709,IV-004,2026-10-15 13:00,future
AVAIL-00710,IV-004,2026-10-15 16:00,future
AVAIL-00711,IV-004,2026-10-21 09:00,future
AVAIL-00712,IV-004,2026-10-21 10:00,future
AVAIL-00713,IV-004,2026-10-21 11:00,future
AVAIL-00714,IV-004,2026-10-21 13:00,future
AVAIL-00715,IV-004,2026-10-21 14:00,future
AVAIL-00716,IV-004,2026-10-21 16:00,future
AVAIL-00717,IV-004,2026-10-26 10:00,future
AVAIL-00718,IV-004,2026-10-26 11:00,future
AVAIL-00719,IV-004,2026-10-26 13:00,future
AVAIL-00720,IV-004,2026-10-26 14:00,future
AVAIL-00721,IV-004,2026-10-26 15:00,future
AVAIL-00722,IV-004,2026-10-26 16:00,future
AVAIL-00723,IV-004,2026-10-27 09:00,future
AVAIL-00724,IV-004,2026-10-27 10:00,future
AVAIL-00725,IV-004,2026-10-27 13:00,future
AVAIL-00726,IV-004,2026-10-27 14:00,future
AVAIL-00727,IV-004,2026-10-27 16:00,future
AVAIL-00728,IV-004,2026-10-28 09:00,future
AVAIL-00729,IV-004,2026-10-28 10:00,future
AVAIL-00730,IV-004,2026-10-28 11:00,future
AVAIL-00731,IV-004,2026-10-28 13:00,future
AVAIL-00732,IV-004,2026-10-28 14:00,future
AVAIL-00733,IV-004,2026-10-28 15:00,future
AVAIL-00734,IV-004,2026-10-28 16:00,future
AVAIL-00735,IV-004,2026-10-30 09:00,future
AVAIL-00736,IV-004,2026-10-30 10:00,future
AVAIL-00737,IV-004,2026-10-30 11:00,future
AVAIL-00738,IV-004,2026-10-30 13:00,future
AVAIL-00739,IV-004,2026-10-30 14:00,future
AVAIL-00740,IV-004,2026-10-30 15:00,future
AVAIL-00741,IV-004,2026-10-30 16:00,future
AVAIL-00742,IV-004,2026-11-05 09:00,future
AVAIL-00743,IV-004,2026-11-05 11:00,future
AVAIL-00744,IV-004,2026-11-05 13:00,future
AVAIL-00745,IV-004,2026-11-05 16:00,future
AVAIL-00746,IV-004,2026-11-06 09:00,future
AVAIL-00747,IV-004,2026-11-06 10:00,future
AVAIL-00748,IV-004,2026-11-06 11:00,future
AVAIL-00749,IV-004,2026-11-06 13:00,future
AVAIL-00750,IV-004,2026-11-06 14:00,future
AVAIL-00751,IV-004,2026-11-06 15:00,future
AVAIL-00752,IV-004,2026-11-10 09:00,future
AVAIL-00753,IV-004,2026-11-10 11:00,future
AVAIL-00754,IV-004,2026-11-10 13:00,future
AVAIL-00755,IV-004,2026-11-10 14:00,future
AVAIL-00756,IV-004,2026-11-10 16:00,future
AVAIL-00757,IV-004,2026-11-13 09:00,future
AVAIL-00758,IV-004,2026-11-13 10:00,future
AVAIL-00759,IV-004,2026-11-13 11:00,future
AVAIL-00760,IV-004,2026-11-13 13:00,future
AVAIL-00761,IV-004,2026-11-13 14:00,future
AVAIL-00762,IV-004,2026-11-13 15:00,future
AVAIL-00763,IV-004,2026-11-13 16:00,future
AVAIL-00764,IV-004,2026-11-16 09:00,future
AVAIL-00765,IV-004,2026-11-16 10:00,future
AVAIL-00766,IV-004,2026-11-16 11:00,future
AVAIL-00767,IV-004,2026-11-16 13:00,future
AVAIL-00768,IV-004,2026-11-16 14:00,future
AVAIL-00769,IV-004,2026-11-16 15:00,future
AVAIL-00770,IV-004,2026-11-16 16:00,future
AVAIL-00771,IV-004,2026-11-18 09:00,future
AVAIL-00772,IV-004,2026-11-18 10:00,future
AVAIL-00773,IV-004,2026-11-18 11:00,future
AVAIL-00774,IV-004,2026-11-18 13:00,future
AVAIL-00775,IV-004,2026-11-18 14:00,future
AVAIL-00776,IV-004,2026-11-18 15:00,future
AVAIL-00777,IV-004,2026-11-18 16:00,future
AVAIL-00778,IV-005,2026-07-28 09:00,past
AVAIL-00779,IV-005,2026-07-28 14:00,past
AVAIL-00780,IV-005,2026-07-28 15:00,past
AVAIL-00781,IV-005,2026-07-29 09:00,past
AVAIL-00782,IV-005,2026-08-04 09:00,past
AVAIL-00783,IV-005,2026-08-04 10:00,past
AVAIL-00784,IV-005,2026-08-04 14:00,past
AVAIL-00785,IV-005,2026-08-04 15:00,past
AVAIL-00786,IV-005,2026-08-05 15:00,past
AVAIL-00787,IV-005,2026-08-05 16:00,past
AVAIL-00788,IV-005,2026-08-10 11:00,past
AVAIL-00789,IV-005,2026-08-10 14:00,past
AVAIL-00790,IV-005,2026-08-10 16:00,past
AVAIL-00791,IV-005,2026-08-18 10:00,past
AVAIL-00792,IV-005,2026-08-18 16:00,past
AVAIL-00793,IV-005,2026-08-19 11:00,past
AVAIL-00794,IV-005,2026-08-24 09:00,future
AVAIL-00795,IV-005,2026-08-24 10:00,future
AVAIL-00796,IV-005,2026-08-24 11:00,future
AVAIL-00797,IV-005,2026-08-24 13:00,future
AVAIL-00798,IV-005,2026-08-24 14:00,future
AVAIL-00799,IV-005,2026-08-24 15:00,future
AVAIL-00800,IV-005,2026-08-24 16:00,future
AVAIL-00801,IV-005,2026-08-25 09:00,future
AVAIL-00802,IV-005,2026-08-25 10:00,future
AVAIL-00803,IV-005,2026-08-25 11:00,future
AVAIL-00804,IV-005,2026-08-25 13:00,future
AVAIL-00805,IV-005,2026-08-25 14:00,future
AVAIL-00806,IV-005,2026-08-25 15:00,future
AVAIL-00807,IV-005,2026-08-25 16:00,future
AVAIL-00808,IV-005,2026-08-28 09:00,future
AVAIL-00809,IV-005,2026-08-28 10:00,future
AVAIL-00810,IV-005,2026-08-28 13:00,future
AVAIL-00811,IV-005,2026-08-28 14:00,future
AVAIL-00812,IV-005,2026-08-28 15:00,future
AVAIL-00813,IV-005,2026-08-28 16:00,future
AVAIL-00814,IV-005,2026-08-31 09:00,future
AVAIL-00815,IV-005,2026-08-31 10:00,future
AVAIL-00816,IV-005,2026-08-31 11:00,future
AVAIL-00817,IV-005,2026-08-31 13:00,future
AVAIL-00818,IV-005,2026-08-31 14:00,future
AVAIL-00819,IV-005,2026-08-31 15:00,future
AVAIL-00820,IV-005,2026-08-31 16:00,future
AVAIL-00821,IV-005,2026-09-01 09:00,future
AVAIL-00822,IV-005,2026-09-01 10:00,future
AVAIL-00823,IV-005,2026-09-01 11:00,future
AVAIL-00824,IV-005,2026-09-01 14:00,future
AVAIL-00825,IV-005,2026-09-01 15:00,future
AVAIL-00826,IV-005,2026-09-01 16:00,future
AVAIL-00827,IV-005,2026-09-03 09:00,future
AVAIL-00828,IV-005,2026-09-03 10:00,future
AVAIL-00829,IV-005,2026-09-03 11:00,future
AVAIL-00830,IV-005,2026-09-03 13:00,future
AVAIL-00831,IV-005,2026-09-03 14:00,future
AVAIL-00832,IV-005,2026-09-03 15:00,future
AVAIL-00833,IV-005,2026-09-03 16:00,future
AVAIL-00834,IV-005,2026-09-07 09:00,future
AVAIL-00835,IV-005,2026-09-07 10:00,future
AVAIL-00836,IV-005,2026-09-07 11:00,future
AVAIL-00837,IV-005,2026-09-07 13:00,future
AVAIL-00838,IV-005,2026-09-07 14:00,future
AVAIL-00839,IV-005,2026-09-07 15:00,future
AVAIL-00840,IV-005,2026-09-07 16:00,future
AVAIL-00841,IV-005,2026-09-08 09:00,future
AVAIL-00842,IV-005,2026-09-08 10:00,future
AVAIL-00843,IV-005,2026-09-08 13:00,future
AVAIL-00844,IV-005,2026-09-08 14:00,future
AVAIL-00845,IV-005,2026-09-08 15:00,future
AVAIL-00846,IV-005,2026-09-11 09:00,future
AVAIL-00847,IV-005,2026-09-11 10:00,future
AVAIL-00848,IV-005,2026-09-11 13:00,future
AVAIL-00849,IV-005,2026-09-11 14:00,future
AVAIL-00850,IV-005,2026-09-11 15:00,future
AVAIL-00851,IV-005,2026-09-11 16:00,future
AVAIL-00852,IV-005,2026-09-14 09:00,future
AVAIL-00853,IV-005,2026-09-14 10:00,future
AVAIL-00854,IV-005,2026-09-14 11:00,future
AVAIL-00855,IV-005,2026-09-14 13:00,future
AVAIL-00856,IV-005,2026-09-14 14:00,future
AVAIL-00857,IV-005,2026-09-14 16:00,future
AVAIL-00858,IV-005,2026-09-15 09:00,future
AVAIL-00859,IV-005,2026-09-15 10:00,future
AVAIL-00860,IV-005,2026-09-15 11:00,future
AVAIL-00861,IV-005,2026-09-15 14:00,future
AVAIL-00862,IV-005,2026-09-15 15:00,future
AVAIL-00863,IV-005,2026-09-15 16:00,future
AVAIL-00864,IV-005,2026-09-16 09:00,future
AVAIL-00865,IV-005,2026-09-16 10:00,future
AVAIL-00866,IV-005,2026-09-16 11:00,future
AVAIL-00867,IV-005,2026-09-16 13:00,future
AVAIL-00868,IV-005,2026-09-16 14:00,future
AVAIL-00869,IV-005,2026-09-16 15:00,future
AVAIL-00870,IV-005,2026-09-16 16:00,future
AVAIL-00871,IV-005,2026-09-17 09:00,future
AVAIL-00872,IV-005,2026-09-17 10:00,future
AVAIL-00873,IV-005,2026-09-17 13:00,future
AVAIL-00874,IV-005,2026-09-17 14:00,future
AVAIL-00875,IV-005,2026-09-17 15:00,future
AVAIL-00876,IV-005,2026-09-17 16:00,future
AVAIL-00877,IV-005,2026-09-18 09:00,future
AVAIL-00878,IV-005,2026-09-18 10:00,future
AVAIL-00879,IV-005,2026-09-18 11:00,future
AVAIL-00880,IV-005,2026-09-18 13:00,future
AVAIL-00881,IV-005,2026-09-18 14:00,future
AVAIL-00882,IV-005,2026-09-18 15:00,future
AVAIL-00883,IV-005,2026-09-18 16:00,future
AVAIL-00884,IV-005,2026-09-22 09:00,future
AVAIL-00885,IV-005,2026-09-22 10:00,future
AVAIL-00886,IV-005,2026-09-22 11:00,future
AVAIL-00887,IV-005,2026-09-22 15:00,future
AVAIL-00888,IV-005,2026-09-22 16:00,future
AVAIL-00889,IV-005,2026-09-23 09:00,future
AVAIL-00890,IV-005,2026-09-23 10:00,future
AVAIL-00891,IV-005,2026-09-23 11:00,future
AVAIL-00892,IV-005,2026-09-23 13:00,future
AVAIL-00893,IV-005,2026-09-23 14:00,future
AVAIL-00894,IV-005,2026-09-23 16:00,future
AVAIL-00895,IV-005,2026-09-24 09:00,future
AVAIL-00896,IV-005,2026-09-24 10:00,future
AVAIL-00897,IV-005,2026-09-24 11:00,future
AVAIL-00898,IV-005,2026-09-24 13:00,future
AVAIL-00899,IV-005,2026-09-24 14:00,future
AVAIL-00900,IV-005,2026-09-24 16:00,future
AVAIL-00901,IV-005,2026-09-25 10:00,future
AVAIL-00902,IV-005,2026-09-25 11:00,future
AVAIL-00903,IV-005,2026-09-25 13:00,future
AVAIL-00904,IV-005,2026-09-25 14:00,future
AVAIL-00905,IV-005,2026-09-25 15:00,future
AVAIL-00906,IV-005,2026-09-28 09:00,future
AVAIL-00907,IV-005,2026-09-28 10:00,future
AVAIL-00908,IV-005,2026-09-28 11:00,future
AVAIL-00909,IV-005,2026-09-28 13:00,future
AVAIL-00910,IV-005,2026-09-28 14:00,future
AVAIL-00911,IV-005,2026-09-28 15:00,future
AVAIL-00912,IV-005,2026-09-28 16:00,future
AVAIL-00913,IV-005,2026-09-29 09:00,future
AVAIL-00914,IV-005,2026-09-29 10:00,future
AVAIL-00915,IV-005,2026-09-29 11:00,future
AVAIL-00916,IV-005,2026-09-29 13:00,future
AVAIL-00917,IV-005,2026-09-29 14:00,future
AVAIL-00918,IV-005,2026-09-29 15:00,future
AVAIL-00919,IV-005,2026-09-29 16:00,future
AVAIL-00920,IV-005,2026-09-30 09:00,future
AVAIL-00921,IV-005,2026-09-30 10:00,future
AVAIL-00922,IV-005,2026-09-30 11:00,future
AVAIL-00923,IV-005,2026-09-30 13:00,future
AVAIL-00924,IV-005,2026-09-30 14:00,future
AVAIL-00925,IV-005,2026-09-30 15:00,future
AVAIL-00926,IV-005,2026-09-30 16:00,future
AVAIL-00927,IV-005,2026-10-01 09:00,future
AVAIL-00928,IV-005,2026-10-01 11:00,future
AVAIL-00929,IV-005,2026-10-01 14:00,future
AVAIL-00930,IV-005,2026-10-01 15:00,future
AVAIL-00931,IV-005,2026-10-01 16:00,future
AVAIL-00932,IV-005,2026-10-07 09:00,future
AVAIL-00933,IV-005,2026-10-07 10:00,future
AVAIL-00934,IV-005,2026-10-07 11:00,future
AVAIL-00935,IV-005,2026-10-07 13:00,future
AVAIL-00936,IV-005,2026-10-07 14:00,future
AVAIL-00937,IV-005,2026-10-07 15:00,future
AVAIL-00938,IV-005,2026-10-07 16:00,future
AVAIL-00939,IV-005,2026-10-08 09:00,future
AVAIL-00940,IV-005,2026-10-08 10:00,future
AVAIL-00941,IV-005,2026-10-08 11:00,future
AVAIL-00942,IV-005,2026-10-08 15:00,future
AVAIL-00943,IV-005,2026-10-08 16:00,future
AVAIL-00944,IV-005,2026-10-12 09:00,future
AVAIL-00945,IV-005,2026-10-12 10:00,future
AVAIL-00946,IV-005,2026-10-12 11:00,future
AVAIL-00947,IV-005,2026-10-12 13:00,future
AVAIL-00948,IV-005,2026-10-12 14:00,future
AVAIL-00949,IV-005,2026-10-12 15:00,future
AVAIL-00950,IV-005,2026-10-12 16:00,future
AVAIL-00951,IV-005,2026-10-13 10:00,future
AVAIL-00952,IV-005,2026-10-13 11:00,future
AVAIL-00953,IV-005,2026-10-13 13:00,future
AVAIL-00954,IV-005,2026-10-13 14:00,future
AVAIL-00955,IV-005,2026-10-13 15:00,future
AVAIL-00956,IV-005,2026-10-13 16:00,future
AVAIL-00957,IV-005,2026-10-15 11:00,future
AVAIL-00958,IV-005,2026-10-15 14:00,future
AVAIL-00959,IV-005,2026-10-15 15:00,future
AVAIL-00960,IV-005,2026-10-15 16:00,future
AVAIL-00961,IV-005,2026-10-21 10:00,future
AVAIL-00962,IV-005,2026-10-21 11:00,future
AVAIL-00963,IV-005,2026-10-21 13:00,future
AVAIL-00964,IV-005,2026-10-21 14:00,future
AVAIL-00965,IV-005,2026-10-21 15:00,future
AVAIL-00966,IV-005,2026-10-21 16:00,future
AVAIL-00967,IV-005,2026-10-28 09:00,future
AVAIL-00968,IV-005,2026-10-28 10:00,future
AVAIL-00969,IV-005,2026-10-28 11:00,future
AVAIL-00970,IV-005,2026-10-28 13:00,future
AVAIL-00971,IV-005,2026-10-28 14:00,future
AVAIL-00972,IV-005,2026-10-28 15:00,future
AVAIL-00973,IV-005,2026-10-29 09:00,future
AVAIL-00974,IV-005,2026-10-29 10:00,future
AVAIL-00975,IV-005,2026-10-29 11:00,future
AVAIL-00976,IV-005,2026-10-29 13:00,future
AVAIL-00977,IV-005,2026-10-29 14:00,future
AVAIL-00978,IV-005,2026-10-29 15:00,future
AVAIL-00979,IV-005,2026-10-29 16:00,future
AVAIL-00980,IV-005,2026-11-02 09:00,future
AVAIL-00981,IV-005,2026-11-02 10:00,future
AVAIL-00982,IV-005,2026-11-02 11:00,future
AVAIL-00983,IV-005,2026-11-02 13:00,future
AVAIL-00984,IV-005,2026-11-02 14:00,future
AVAIL-00985,IV-005,2026-11-02 16:00,future
AVAIL-00986,IV-005,2026-11-05 09:00,future
AVAIL-00987,IV-005,2026-11-05 10:00,future
AVAIL-00988,IV-005,2026-11-05 11:00,future
AVAIL-00989,IV-005,2026-11-05 13:00,future
AVAIL-00990,IV-005,2026-11-05 14:00,future
AVAIL-00991,IV-005,2026-11-05 15:00,future
AVAIL-00992,IV-005,2026-11-05 16:00,future
AVAIL-00993,IV-005,2026-11-06 09:00,future
AVAIL-00994,IV-005,2026-11-06 10:00,future
AVAIL-00995,IV-005,2026-11-06 11:00,future
AVAIL-00996,IV-005,2026-11-06 13:00,future
AVAIL-00997,IV-005,2026-11-06 14:00,future
AVAIL-00998,IV-005,2026-11-06 16:00,future
AVAIL-00999,IV-005,2026-11-09 10:00,future
AVAIL-01000,IV-005,2026-11-09 11:00,future
AVAIL-01001,IV-005,2026-11-09 13:00,future
AVAIL-01002,IV-005,2026-11-09 14:00,future
AVAIL-01003,IV-005,2026-11-09 15:00,future
AVAIL-01004,IV-005,2026-11-09 16:00,future
AVAIL-01005,IV-005,2026-11-10 11:00,future
AVAIL-01006,IV-005,2026-11-10 13:00,future
AVAIL-01007,IV-005,2026-11-10 14:00,future
AVAIL-01008,IV-005,2026-11-10 15:00,future
AVAIL-01009,IV-005,2026-11-10 16:00,future
AVAIL-01010,IV-005,2026-11-12 09:00,future
AVAIL-01011,IV-005,2026-11-12 10:00,future
AVAIL-01012,IV-005,2026-11-12 11:00,future
AVAIL-01013,IV-005,2026-11-12 13:00,future
AVAIL-01014,IV-005,2026-11-12 14:00,future
AVAIL-01015,IV-005,2026-11-12 15:00,future
AVAIL-01016,IV-005,2026-11-12 16:00,future
AVAIL-01017,IV-005,2026-11-13 09:00,future
AVAIL-01018,IV-005,2026-11-13 10:00,future
AVAIL-01019,IV-005,2026-11-13 13:00,future
AVAIL-01020,IV-005,2026-11-13 14:00,future
AVAIL-01021,IV-005,2026-11-13 16:00,future
AVAIL-01022,IV-005,2026-11-17 09:00,future
AVAIL-01023,IV-005,2026-11-17 10:00,future
AVAIL-01024,IV-005,2026-11-17 11:00,future
AVAIL-01025,IV-005,2026-11-17 13:00,future
AVAIL-01026,IV-005,2026-11-17 14:00,future
AVAIL-01027,IV-005,2026-11-17 15:00,future
AVAIL-01028,IV-005,2026-11-17 16:00,future
AVAIL-01029,IV-005,2026-11-18 09:00,future
AVAIL-01030,IV-005,2026-11-18 10:00,future
AVAIL-01031,IV-005,2026-11-18 11:00,future
AVAIL-01032,IV-005,2026-11-18 13:00,future
AVAIL-01033,IV-005,2026-11-18 15:00,future
AVAIL-01034,IV-005,2026-11-18 16:00,future
AVAIL-01035,IV-005,2026-11-19 09:00,future
AVAIL-01036,IV-005,2026-11-19 10:00,future
AVAIL-01037,IV-005,2026-11-19 11:00,future
AVAIL-01038,IV-005,2026-11-19 13:00,future
AVAIL-01039,IV-005,2026-11-19 14:00,future
AVAIL-01040,IV-005,2026-11-19 15:00,future
AVAIL-01041,IV-005,2026-11-19 16:00,future
AVAIL-01042,IV-006,2026-07-24 09:00,past
AVAIL-01043,IV-006,2026-07-24 13:00,past
AVAIL-01044,IV-006,2026-07-27 13:00,past
AVAIL-01045,IV-006,2026-07-28 10:00,past
AVAIL-01046,IV-006,2026-07-29 11:00,past
AVAIL-01047,IV-006,2026-07-29 13:00,past
AVAIL-01048,IV-006,2026-07-30 15:00,past
AVAIL-01049,IV-006,2026-07-31 11:00,past
AVAIL-01050,IV-006,2026-07-31 13:00,past
AVAIL-01051,IV-006,2026-08-03 11:00,past
AVAIL-01052,IV-006,2026-08-04 10:00,past
AVAIL-01053,IV-006,2026-08-04 11:00,past
AVAIL-01054,IV-006,2026-08-04 15:00,past
AVAIL-01055,IV-006,2026-08-07 11:00,past
AVAIL-01056,IV-006,2026-08-07 13:00,past
AVAIL-01057,IV-006,2026-08-07 14:00,past
AVAIL-01058,IV-006,2026-08-07 15:00,past
AVAIL-01059,IV-006,2026-08-10 09:00,past
AVAIL-01060,IV-006,2026-08-11 10:00,past
AVAIL-01061,IV-006,2026-08-11 13:00,past
AVAIL-01062,IV-006,2026-08-12 09:00,past
AVAIL-01063,IV-006,2026-08-12 10:00,past
AVAIL-01064,IV-006,2026-08-12 13:00,past
AVAIL-01065,IV-006,2026-08-14 10:00,past
AVAIL-01066,IV-006,2026-08-17 09:00,past
AVAIL-01067,IV-006,2026-08-17 10:00,past
AVAIL-01068,IV-006,2026-08-17 16:00,past
AVAIL-01069,IV-006,2026-08-18 10:00,past
AVAIL-01070,IV-006,2026-08-18 11:00,past
AVAIL-01071,IV-006,2026-08-18 13:00,past
AVAIL-01072,IV-006,2026-08-18 15:00,past
AVAIL-01073,IV-006,2026-08-18 16:00,past
AVAIL-01074,IV-006,2026-08-19 16:00,past
AVAIL-01075,IV-006,2026-08-20 10:00,past
AVAIL-01076,IV-006,2026-08-21 09:00,past
AVAIL-01077,IV-006,2026-08-21 10:00,past
AVAIL-01078,IV-006,2026-08-21 15:00,past
AVAIL-01079,IV-006,2026-08-24 09:00,future
AVAIL-01080,IV-006,2026-08-24 10:00,future
AVAIL-01081,IV-006,2026-08-24 11:00,future
AVAIL-01082,IV-006,2026-08-24 13:00,future
AVAIL-01083,IV-006,2026-08-24 14:00,future
AVAIL-01084,IV-006,2026-08-24 15:00,future
AVAIL-01085,IV-006,2026-08-25 09:00,future
AVAIL-01086,IV-006,2026-08-25 10:00,future
AVAIL-01087,IV-006,2026-08-25 11:00,future
AVAIL-01088,IV-006,2026-08-25 13:00,future
AVAIL-01089,IV-006,2026-08-25 14:00,future
AVAIL-01090,IV-006,2026-08-25 15:00,future
AVAIL-01091,IV-006,2026-08-25 16:00,future
AVAIL-01092,IV-006,2026-08-26 09:00,future
AVAIL-01093,IV-006,2026-08-26 10:00,future
AVAIL-01094,IV-006,2026-08-26 11:00,future
AVAIL-01095,IV-006,2026-08-26 13:00,future
AVAIL-01096,IV-006,2026-08-26 14:00,future
AVAIL-01097,IV-006,2026-08-26 15:00,future
AVAIL-01098,IV-006,2026-08-26 16:00,future
AVAIL-01099,IV-006,2026-08-27 09:00,future
AVAIL-01100,IV-006,2026-08-27 10:00,future
AVAIL-01101,IV-006,2026-08-27 13:00,future
AVAIL-01102,IV-006,2026-08-27 14:00,future
AVAIL-01103,IV-006,2026-08-27 15:00,future
AVAIL-01104,IV-006,2026-08-27 16:00,future
AVAIL-01105,IV-006,2026-08-28 09:00,future
AVAIL-01106,IV-006,2026-08-28 10:00,future
AVAIL-01107,IV-006,2026-08-28 11:00,future
AVAIL-01108,IV-006,2026-08-28 13:00,future
AVAIL-01109,IV-006,2026-08-28 14:00,future
AVAIL-01110,IV-006,2026-08-28 15:00,future
AVAIL-01111,IV-006,2026-08-28 16:00,future
AVAIL-01112,IV-006,2026-08-31 09:00,future
AVAIL-01113,IV-006,2026-08-31 10:00,future
AVAIL-01114,IV-006,2026-08-31 11:00,future
AVAIL-01115,IV-006,2026-08-31 13:00,future
AVAIL-01116,IV-006,2026-08-31 14:00,future
AVAIL-01117,IV-006,2026-08-31 15:00,future
AVAIL-01118,IV-006,2026-08-31 16:00,future
AVAIL-01119,IV-006,2026-09-01 09:00,future
AVAIL-01120,IV-006,2026-09-01 10:00,future
AVAIL-01121,IV-006,2026-09-01 13:00,future
AVAIL-01122,IV-006,2026-09-01 14:00,future
AVAIL-01123,IV-006,2026-09-01 15:00,future
AVAIL-01124,IV-006,2026-09-01 16:00,future
AVAIL-01125,IV-006,2026-09-02 09:00,future
AVAIL-01126,IV-006,2026-09-02 10:00,future
AVAIL-01127,IV-006,2026-09-02 11:00,future
AVAIL-01128,IV-006,2026-09-02 13:00,future
AVAIL-01129,IV-006,2026-09-02 14:00,future
AVAIL-01130,IV-006,2026-09-02 15:00,future
AVAIL-01131,IV-006,2026-09-02 16:00,future
AVAIL-01132,IV-006,2026-09-03 09:00,future
AVAIL-01133,IV-006,2026-09-03 10:00,future
AVAIL-01134,IV-006,2026-09-03 13:00,future
AVAIL-01135,IV-006,2026-09-03 14:00,future
AVAIL-01136,IV-006,2026-09-03 15:00,future
AVAIL-01137,IV-006,2026-09-03 16:00,future
AVAIL-01138,IV-006,2026-09-04 09:00,future
AVAIL-01139,IV-006,2026-09-04 11:00,future
AVAIL-01140,IV-006,2026-09-04 13:00,future
AVAIL-01141,IV-006,2026-09-04 14:00,future
AVAIL-01142,IV-006,2026-09-04 15:00,future
AVAIL-01143,IV-006,2026-09-04 16:00,future
AVAIL-01144,IV-006,2026-09-07 09:00,future
AVAIL-01145,IV-006,2026-09-07 11:00,future
AVAIL-01146,IV-006,2026-09-07 13:00,future
AVAIL-01147,IV-006,2026-09-07 14:00,future
AVAIL-01148,IV-006,2026-09-07 15:00,future
AVAIL-01149,IV-006,2026-09-07 16:00,future
AVAIL-01150,IV-006,2026-09-08 09:00,future
AVAIL-01151,IV-006,2026-09-08 10:00,future
AVAIL-01152,IV-006,2026-09-08 11:00,future
AVAIL-01153,IV-006,2026-09-08 14:00,future
AVAIL-01154,IV-006,2026-09-08 15:00,future
AVAIL-01155,IV-006,2026-09-08 16:00,future
AVAIL-01156,IV-006,2026-09-09 09:00,future
AVAIL-01157,IV-006,2026-09-09 11:00,future
AVAIL-01158,IV-006,2026-09-09 13:00,future
AVAIL-01159,IV-006,2026-09-09 14:00,future
AVAIL-01160,IV-006,2026-09-09 15:00,future
AVAIL-01161,IV-006,2026-09-09 16:00,future
AVAIL-01162,IV-006,2026-09-10 10:00,future
AVAIL-01163,IV-006,2026-09-10 11:00,future
AVAIL-01164,IV-006,2026-09-10 13:00,future
AVAIL-01165,IV-006,2026-09-10 15:00,future
AVAIL-01166,IV-006,2026-09-11 09:00,future
AVAIL-01167,IV-006,2026-09-11 10:00,future
AVAIL-01168,IV-006,2026-09-11 11:00,future
AVAIL-01169,IV-006,2026-09-11 14:00,future
AVAIL-01170,IV-006,2026-09-11 15:00,future
AVAIL-01171,IV-006,2026-09-11 16:00,future
AVAIL-01172,IV-006,2026-09-14 10:00,future
AVAIL-01173,IV-006,2026-09-14 11:00,future
AVAIL-01174,IV-006,2026-09-14 13:00,future
AVAIL-01175,IV-006,2026-09-14 14:00,future
AVAIL-01176,IV-006,2026-09-14 15:00,future
AVAIL-01177,IV-006,2026-09-14 16:00,future
AVAIL-01178,IV-006,2026-09-15 10:00,future
AVAIL-01179,IV-006,2026-09-15 11:00,future
AVAIL-01180,IV-006,2026-09-15 14:00,future
AVAIL-01181,IV-006,2026-09-15 15:00,future
AVAIL-01182,IV-006,2026-09-15 16:00,future
AVAIL-01183,IV-006,2026-09-16 10:00,future
AVAIL-01184,IV-006,2026-09-16 11:00,future
AVAIL-01185,IV-006,2026-09-16 13:00,future
AVAIL-01186,IV-006,2026-09-16 14:00,future
AVAIL-01187,IV-006,2026-09-16 15:00,future
AVAIL-01188,IV-006,2026-09-16 16:00,future
AVAIL-01189,IV-006,2026-09-17 09:00,future
AVAIL-01190,IV-006,2026-09-17 10:00,future
AVAIL-01191,IV-006,2026-09-17 11:00,future
AVAIL-01192,IV-006,2026-09-17 13:00,future
AVAIL-01193,IV-006,2026-09-17 14:00,future
AVAIL-01194,IV-006,2026-09-17 15:00,future
AVAIL-01195,IV-006,2026-09-17 16:00,future
AVAIL-01196,IV-006,2026-09-18 09:00,future
AVAIL-01197,IV-006,2026-09-18 10:00,future
AVAIL-01198,IV-006,2026-09-18 11:00,future
AVAIL-01199,IV-006,2026-09-18 13:00,future
AVAIL-01200,IV-006,2026-09-18 14:00,future
AVAIL-01201,IV-006,2026-09-18 15:00,future
AVAIL-01202,IV-006,2026-09-18 16:00,future
AVAIL-01203,IV-006,2026-09-21 09:00,future
AVAIL-01204,IV-006,2026-09-21 10:00,future
AVAIL-01205,IV-006,2026-09-21 11:00,future
AVAIL-01206,IV-006,2026-09-21 13:00,future
AVAIL-01207,IV-006,2026-09-21 14:00,future
AVAIL-01208,IV-006,2026-09-21 15:00,future
AVAIL-01209,IV-006,2026-09-21 16:00,future
AVAIL-01210,IV-006,2026-09-22 10:00,future
AVAIL-01211,IV-006,2026-09-22 11:00,future
AVAIL-01212,IV-006,2026-09-22 13:00,future
AVAIL-01213,IV-006,2026-09-22 14:00,future
AVAIL-01214,IV-006,2026-09-22 15:00,future
AVAIL-01215,IV-006,2026-09-22 16:00,future
AVAIL-01216,IV-006,2026-09-23 09:00,future
AVAIL-01217,IV-006,2026-09-23 10:00,future
AVAIL-01218,IV-006,2026-09-23 11:00,future
AVAIL-01219,IV-006,2026-09-23 13:00,future
AVAIL-01220,IV-006,2026-09-23 14:00,future
AVAIL-01221,IV-006,2026-09-23 15:00,future
AVAIL-01222,IV-006,2026-09-23 16:00,future
AVAIL-01223,IV-006,2026-09-24 09:00,future
AVAIL-01224,IV-006,2026-09-24 10:00,future
AVAIL-01225,IV-006,2026-09-24 11:00,future
AVAIL-01226,IV-006,2026-09-24 13:00,future
AVAIL-01227,IV-006,2026-09-24 14:00,future
AVAIL-01228,IV-006,2026-09-24 15:00,future
AVAIL-01229,IV-006,2026-09-24 16:00,future
AVAIL-01230,IV-006,2026-09-25 10:00,future
AVAIL-01231,IV-006,2026-09-25 11:00,future
AVAIL-01232,IV-006,2026-09-25 13:00,future
AVAIL-01233,IV-006,2026-09-25 14:00,future
AVAIL-01234,IV-006,2026-09-25 15:00,future
AVAIL-01235,IV-006,2026-09-25 16:00,future
AVAIL-01236,IV-006,2026-09-28 09:00,future
AVAIL-01237,IV-006,2026-09-28 10:00,future
AVAIL-01238,IV-006,2026-09-28 11:00,future
AVAIL-01239,IV-006,2026-09-28 13:00,future
AVAIL-01240,IV-006,2026-09-28 14:00,future
AVAIL-01241,IV-006,2026-09-28 15:00,future
AVAIL-01242,IV-006,2026-09-28 16:00,future
AVAIL-01243,IV-006,2026-09-29 09:00,future
AVAIL-01244,IV-006,2026-09-29 10:00,future
AVAIL-01245,IV-006,2026-09-29 11:00,future
AVAIL-01246,IV-006,2026-09-29 13:00,future
AVAIL-01247,IV-006,2026-09-29 14:00,future
AVAIL-01248,IV-006,2026-09-29 15:00,future
AVAIL-01249,IV-006,2026-09-29 16:00,future
AVAIL-01250,IV-006,2026-09-30 09:00,future
AVAIL-01251,IV-006,2026-09-30 10:00,future
AVAIL-01252,IV-006,2026-09-30 11:00,future
AVAIL-01253,IV-006,2026-09-30 13:00,future
AVAIL-01254,IV-006,2026-09-30 14:00,future
AVAIL-01255,IV-006,2026-09-30 15:00,future
AVAIL-01256,IV-006,2026-09-30 16:00,future
AVAIL-01257,IV-006,2026-10-01 09:00,future
AVAIL-01258,IV-006,2026-10-01 10:00,future
AVAIL-01259,IV-006,2026-10-01 11:00,future
AVAIL-01260,IV-006,2026-10-01 13:00,future
AVAIL-01261,IV-006,2026-10-01 14:00,future
AVAIL-01262,IV-006,2026-10-01 15:00,future
AVAIL-01263,IV-006,2026-10-01 16:00,future
AVAIL-01264,IV-006,2026-10-02 09:00,future
AVAIL-01265,IV-006,2026-10-02 10:00,future
AVAIL-01266,IV-006,2026-10-02 11:00,future
AVAIL-01267,IV-006,2026-10-02 13:00,future
AVAIL-01268,IV-006,2026-10-02 14:00,future
AVAIL-01269,IV-006,2026-10-02 15:00,future
AVAIL-01270,IV-006,2026-10-02 16:00,future
AVAIL-01271,IV-006,2026-10-05 09:00,future
AVAIL-01272,IV-006,2026-10-05 10:00,future
AVAIL-01273,IV-006,2026-10-05 11:00,future
AVAIL-01274,IV-006,2026-10-05 13:00,future
AVAIL-01275,IV-006,2026-10-05 14:00,future
AVAIL-01276,IV-006,2026-10-05 15:00,future
AVAIL-01277,IV-006,2026-10-05 16:00,future
AVAIL-01278,IV-006,2026-10-06 09:00,future
AVAIL-01279,IV-006,2026-10-06 10:00,future
AVAIL-01280,IV-006,2026-10-06 11:00,future
AVAIL-01281,IV-006,2026-10-06 13:00,future
AVAIL-01282,IV-006,2026-10-06 14:00,future
AVAIL-01283,IV-006,2026-10-06 16:00,future
AVAIL-01284,IV-006,2026-10-07 09:00,future
AVAIL-01285,IV-006,2026-10-07 10:00,future
AVAIL-01286,IV-006,2026-10-07 11:00,future
AVAIL-01287,IV-006,2026-10-07 13:00,future
AVAIL-01288,IV-006,2026-10-07 14:00,future
AVAIL-01289,IV-006,2026-10-07 15:00,future
AVAIL-01290,IV-006,2026-10-07 16:00,future
AVAIL-01291,IV-006,2026-10-08 09:00,future
AVAIL-01292,IV-006,2026-10-08 10:00,future
AVAIL-01293,IV-006,2026-10-08 11:00,future
AVAIL-01294,IV-006,2026-10-08 13:00,future
AVAIL-01295,IV-006,2026-10-08 14:00,future
AVAIL-01296,IV-006,2026-10-08 15:00,future
AVAIL-01297,IV-006,2026-10-08 16:00,future
AVAIL-01298,IV-006,2026-10-09 10:00,future
AVAIL-01299,IV-006,2026-10-09 11:00,future
AVAIL-01300,IV-006,2026-10-09 13:00,future
AVAIL-01301,IV-006,2026-10-09 14:00,future
AVAIL-01302,IV-006,2026-10-09 15:00,future
AVAIL-01303,IV-006,2026-10-09 16:00,future
AVAIL-01304,IV-006,2026-10-12 09:00,future
AVAIL-01305,IV-006,2026-10-12 10:00,future
AVAIL-01306,IV-006,2026-10-12 11:00,future
AVAIL-01307,IV-006,2026-10-12 13:00,future
AVAIL-01308,IV-006,2026-10-12 14:00,future
AVAIL-01309,IV-006,2026-10-12 15:00,future
AVAIL-01310,IV-006,2026-10-12 16:00,future
AVAIL-01311,IV-006,2026-10-13 10:00,future
AVAIL-01312,IV-006,2026-10-13 11:00,future
AVAIL-01313,IV-006,2026-10-13 13:00,future
AVAIL-01314,IV-006,2026-10-13 15:00,future
AVAIL-01315,IV-006,2026-10-13 16:00,future
AVAIL-01316,IV-006,2026-10-14 09:00,future
AVAIL-01317,IV-006,2026-10-14 10:00,future
AVAIL-01318,IV-006,2026-10-14 11:00,future
AVAIL-01319,IV-006,2026-10-14 13:00,future
AVAIL-01320,IV-006,2026-10-14 14:00,future
AVAIL-01321,IV-006,2026-10-14 15:00,future
AVAIL-01322,IV-006,2026-10-14 16:00,future
AVAIL-01323,IV-006,2026-10-15 09:00,future
AVAIL-01324,IV-006,2026-10-15 10:00,future
AVAIL-01325,IV-006,2026-10-15 11:00,future
AVAIL-01326,IV-006,2026-10-15 13:00,future
AVAIL-01327,IV-006,2026-10-15 14:00,future
AVAIL-01328,IV-006,2026-10-15 15:00,future
AVAIL-01329,IV-006,2026-10-16 09:00,future
AVAIL-01330,IV-006,2026-10-16 10:00,future
AVAIL-01331,IV-006,2026-10-16 11:00,future
AVAIL-01332,IV-006,2026-10-16 13:00,future
AVAIL-01333,IV-006,2026-10-16 15:00,future
AVAIL-01334,IV-006,2026-10-16 16:00,future
AVAIL-01335,IV-006,2026-10-20 09:00,future
AVAIL-01336,IV-006,2026-10-20 10:00,future
AVAIL-01337,IV-006,2026-10-20 11:00,future
AVAIL-01338,IV-006,2026-10-20 13:00,future
AVAIL-01339,IV-006,2026-10-20 14:00,future
AVAIL-01340,IV-006,2026-10-20 15:00,future
AVAIL-01341,IV-006,2026-10-20 16:00,future
AVAIL-01342,IV-006,2026-10-21 09:00,future
AVAIL-01343,IV-006,2026-10-21 10:00,future
AVAIL-01344,IV-006,2026-10-21 13:00,future
AVAIL-01345,IV-006,2026-10-21 14:00,future
AVAIL-01346,IV-006,2026-10-21 15:00,future
AVAIL-01347,IV-006,2026-10-21 16:00,future
AVAIL-01348,IV-006,2026-10-22 09:00,future
AVAIL-01349,IV-006,2026-10-22 10:00,future
AVAIL-01350,IV-006,2026-10-22 11:00,future
AVAIL-01351,IV-006,2026-10-22 13:00,future
AVAIL-01352,IV-006,2026-10-22 14:00,future
AVAIL-01353,IV-006,2026-10-22 15:00,future
AVAIL-01354,IV-006,2026-10-22 16:00,future
AVAIL-01355,IV-006,2026-10-23 09:00,future
AVAIL-01356,IV-006,2026-10-23 10:00,future
AVAIL-01357,IV-006,2026-10-23 11:00,future
AVAIL-01358,IV-006,2026-10-23 14:00,future
AVAIL-01359,IV-006,2026-10-23 15:00,future
AVAIL-01360,IV-006,2026-10-23 16:00,future
AVAIL-01361,IV-006,2026-10-26 09:00,future
AVAIL-01362,IV-006,2026-10-26 10:00,future
AVAIL-01363,IV-006,2026-10-26 11:00,future
AVAIL-01364,IV-006,2026-10-26 13:00,future
AVAIL-01365,IV-006,2026-10-26 14:00,future
AVAIL-01366,IV-006,2026-10-26 15:00,future
AVAIL-01367,IV-006,2026-10-26 16:00,future
AVAIL-01368,IV-006,2026-10-27 09:00,future
AVAIL-01369,IV-006,2026-10-27 10:00,future
AVAIL-01370,IV-006,2026-10-27 11:00,future
AVAIL-01371,IV-006,2026-10-27 13:00,future
AVAIL-01372,IV-006,2026-10-27 14:00,future
AVAIL-01373,IV-006,2026-10-27 15:00,future
AVAIL-01374,IV-006,2026-10-27 16:00,future
AVAIL-01375,IV-006,2026-10-28 09:00,future
AVAIL-01376,IV-006,2026-10-28 10:00,future
AVAIL-01377,IV-006,2026-10-28 11:00,future
AVAIL-01378,IV-006,2026-10-28 13:00,future
AVAIL-01379,IV-006,2026-10-28 15:00,future
AVAIL-01380,IV-006,2026-10-28 16:00,future
AVAIL-01381,IV-006,2026-10-29 09:00,future
AVAIL-01382,IV-006,2026-10-29 10:00,future
AVAIL-01383,IV-006,2026-10-29 11:00,future
AVAIL-01384,IV-006,2026-10-29 13:00,future
AVAIL-01385,IV-006,2026-10-29 14:00,future
AVAIL-01386,IV-006,2026-10-29 15:00,future
AVAIL-01387,IV-006,2026-10-29 16:00,future
AVAIL-01388,IV-006,2026-10-30 09:00,future
AVAIL-01389,IV-006,2026-10-30 10:00,future
AVAIL-01390,IV-006,2026-10-30 11:00,future
AVAIL-01391,IV-006,2026-10-30 13:00,future
AVAIL-01392,IV-006,2026-10-30 14:00,future
AVAIL-01393,IV-006,2026-10-30 15:00,future
AVAIL-01394,IV-006,2026-10-30 16:00,future
AVAIL-01395,IV-006,2026-11-02 11:00,future
AVAIL-01396,IV-006,2026-11-02 13:00,future
AVAIL-01397,IV-006,2026-11-02 14:00,future
AVAIL-01398,IV-006,2026-11-02 15:00,future
AVAIL-01399,IV-006,2026-11-03 09:00,future
AVAIL-01400,IV-006,2026-11-03 10:00,future
AVAIL-01401,IV-006,2026-11-03 13:00,future
AVAIL-01402,IV-006,2026-11-03 14:00,future
AVAIL-01403,IV-006,2026-11-03 15:00,future
AVAIL-01404,IV-006,2026-11-03 16:00,future
AVAIL-01405,IV-006,2026-11-04 09:00,future
AVAIL-01406,IV-006,2026-11-04 11:00,future
AVAIL-01407,IV-006,2026-11-04 13:00,future
AVAIL-01408,IV-006,2026-11-04 14:00,future
AVAIL-01409,IV-006,2026-11-04 15:00,future
AVAIL-01410,IV-006,2026-11-04 16:00,future
AVAIL-01411,IV-006,2026-11-05 09:00,future
AVAIL-01412,IV-006,2026-11-05 10:00,future
AVAIL-01413,IV-006,2026-11-05 11:00,future
AVAIL-01414,IV-006,2026-11-05 14:00,future
AVAIL-01415,IV-006,2026-11-05 15:00,future
AVAIL-01416,IV-006,2026-11-05 16:00,future
AVAIL-01417,IV-006,2026-11-06 11:00,future
AVAIL-01418,IV-006,2026-11-06 13:00,future
AVAIL-01419,IV-006,2026-11-06 14:00,future
AVAIL-01420,IV-006,2026-11-09 09:00,future
AVAIL-01421,IV-006,2026-11-09 11:00,future
AVAIL-01422,IV-006,2026-11-09 13:00,future
AVAIL-01423,IV-006,2026-11-09 14:00,future
AVAIL-01424,IV-006,2026-11-09 15:00,future
AVAIL-01425,IV-006,2026-11-09 16:00,future
AVAIL-01426,IV-006,2026-11-10 09:00,future
AVAIL-01427,IV-006,2026-11-10 10:00,future
AVAIL-01428,IV-006,2026-11-10 13:00,future
AVAIL-01429,IV-006,2026-11-10 14:00,future
AVAIL-01430,IV-006,2026-11-10 15:00,future
AVAIL-01431,IV-006,2026-11-10 16:00,future
AVAIL-01432,IV-006,2026-11-11 09:00,future
AVAIL-01433,IV-006,2026-11-11 10:00,future
AVAIL-01434,IV-006,2026-11-11 11:00,future
AVAIL-01435,IV-006,2026-11-11 13:00,future
AVAIL-01436,IV-006,2026-11-11 14:00,future
AVAIL-01437,IV-006,2026-11-11 15:00,future
AVAIL-01438,IV-006,2026-11-11 16:00,future
AVAIL-01439,IV-006,2026-11-12 09:00,future
AVAIL-01440,IV-006,2026-11-12 10:00,future
AVAIL-01441,IV-006,2026-11-12 11:00,future
AVAIL-01442,IV-006,2026-11-12 13:00,future
AVAIL-01443,IV-006,2026-11-12 15:00,future
AVAIL-01444,IV-006,2026-11-12 16:00,future
AVAIL-01445,IV-006,2026-11-13 09:00,future
AVAIL-01446,IV-006,2026-11-13 10:00,future
AVAIL-01447,IV-006,2026-11-13 11:00,future
AVAIL-01448,IV-006,2026-11-13 13:00,future
AVAIL-01449,IV-006,2026-11-13 14:00,future
AVAIL-01450,IV-006,2026-11-13 15:00,future
AVAIL-01451,IV-006,2026-11-13 16:00,future
AVAIL-01452,IV-006,2026-11-16 09:00,future
AVAIL-01453,IV-006,2026-11-16 10:00,future
AVAIL-01454,IV-006,2026-11-16 11:00,future
AVAIL-01455,IV-006,2026-11-16 13:00,future
AVAIL-01456,IV-006,2026-11-16 14:00,future
AVAIL-01457,IV-006,2026-11-16 15:00,future
AVAIL-01458,IV-006,2026-11-16 16:00,future
AVAIL-01459,IV-006,2026-11-17 09:00,future
AVAIL-01460,IV-006,2026-11-17 10:00,future
AVAIL-01461,IV-006,2026-11-17 11:00,future
AVAIL-01462,IV-006,2026-11-17 13:00,future
AVAIL-01463,IV-006,2026-11-17 14:00,future
AVAIL-01464,IV-006,2026-11-17 15:00,future
AVAIL-01465,IV-006,2026-11-17 16:00,future
AVAIL-01466,IV-006,2026-11-18 09:00,future
AVAIL-01467,IV-006,2026-11-18 10:00,future
AVAIL-01468,IV-006,2026-11-18 11:00,future
AVAIL-01469,IV-006,2026-11-18 14:00,future
AVAIL-01470,IV-006,2026-11-18 15:00,future
AVAIL-01471,IV-006,2026-11-19 09:00,future
AVAIL-01472,IV-006,2026-11-19 10:00,future
AVAIL-01473,IV-006,2026-11-19 11:00,future
AVAIL-01474,IV-006,2026-11-19 13:00,future
AVAIL-01475,IV-006,2026-11-19 14:00,future
AVAIL-01476,IV-006,2026-11-19 15:00,future
AVAIL-01477,IV-006,2026-11-19 16:00,future
AVAIL-01478,IV-006,2026-11-20 09:00,future
AVAIL-01479,IV-006,2026-11-20 10:00,future
AVAIL-01480,IV-006,2026-11-20 11:00,future
AVAIL-01481,IV-006,2026-11-20 13:00,future
AVAIL-01482,IV-006,2026-11-20 14:00,future
AVAIL-01483,IV-006,2026-11-20 16:00,future
AVAIL-01484,IV-007,2026-07-24 11:00,past
AVAIL-01485,IV-007,2026-07-27 09:00,past
AVAIL-01486,IV-007,2026-07-27 13:00,past
AVAIL-01487,IV-007,2026-07-27 14:00,past
AVAIL-01488,IV-007,2026-07-28 10:00,past
AVAIL-01489,IV-007,2026-07-28 11:00,past
AVAIL-01490,IV-007,2026-07-28 13:00,past
AVAIL-01491,IV-007,2026-07-28 15:00,past
AVAIL-01492,IV-007,2026-07-29 10:00,past
AVAIL-01493,IV-007,2026-07-31 09:00,past
AVAIL-01494,IV-007,2026-08-03 09:00,past
AVAIL-01495,IV-007,2026-08-03 14:00,past
AVAIL-01496,IV-007,2026-08-03 15:00,past
AVAIL-01497,IV-007,2026-08-05 09:00,past
AVAIL-01498,IV-007,2026-08-06 11:00,past
AVAIL-01499,IV-007,2026-08-06 15:00,past
AVAIL-01500,IV-007,2026-08-06 16:00,past
AVAIL-01501,IV-007,2026-08-07 15:00,past
AVAIL-01502,IV-007,2026-08-07 16:00,past
AVAIL-01503,IV-007,2026-08-10 10:00,past
AVAIL-01504,IV-007,2026-08-10 11:00,past
AVAIL-01505,IV-007,2026-08-10 14:00,past
AVAIL-01506,IV-007,2026-08-10 16:00,past
AVAIL-01507,IV-007,2026-08-11 09:00,past
AVAIL-01508,IV-007,2026-08-11 11:00,past
AVAIL-01509,IV-007,2026-08-11 13:00,past
AVAIL-01510,IV-007,2026-08-11 14:00,past
AVAIL-01511,IV-007,2026-08-12 09:00,past
AVAIL-01512,IV-007,2026-08-12 11:00,past
AVAIL-01513,IV-007,2026-08-12 14:00,past
AVAIL-01514,IV-007,2026-08-12 15:00,past
AVAIL-01515,IV-007,2026-08-13 14:00,past
AVAIL-01516,IV-007,2026-08-14 16:00,past
AVAIL-01517,IV-007,2026-08-17 15:00,past
AVAIL-01518,IV-007,2026-08-17 16:00,past
AVAIL-01519,IV-007,2026-08-19 09:00,past
AVAIL-01520,IV-007,2026-08-20 09:00,past
AVAIL-01521,IV-007,2026-08-20 11:00,past
AVAIL-01522,IV-007,2026-08-20 16:00,past
AVAIL-01523,IV-007,2026-08-21 10:00,past
AVAIL-01524,IV-007,2026-08-24 09:00,future
AVAIL-01525,IV-007,2026-08-24 10:00,future
AVAIL-01526,IV-007,2026-08-24 11:00,future
AVAIL-01527,IV-007,2026-08-24 13:00,future
AVAIL-01528,IV-007,2026-08-24 14:00,future
AVAIL-01529,IV-007,2026-08-24 15:00,future
AVAIL-01530,IV-007,2026-08-24 16:00,future
AVAIL-01531,IV-007,2026-08-25 09:00,future
AVAIL-01532,IV-007,2026-08-25 10:00,future
AVAIL-01533,IV-007,2026-08-25 11:00,future
AVAIL-01534,IV-007,2026-08-25 13:00,future
AVAIL-01535,IV-007,2026-08-25 14:00,future
AVAIL-01536,IV-007,2026-08-25 15:00,future
AVAIL-01537,IV-007,2026-08-25 16:00,future
AVAIL-01538,IV-007,2026-08-26 09:00,future
AVAIL-01539,IV-007,2026-08-26 10:00,future
AVAIL-01540,IV-007,2026-08-26 11:00,future
AVAIL-01541,IV-007,2026-08-26 13:00,future
AVAIL-01542,IV-007,2026-08-26 15:00,future
AVAIL-01543,IV-007,2026-08-26 16:00,future
AVAIL-01544,IV-007,2026-08-27 09:00,future
AVAIL-01545,IV-007,2026-08-27 10:00,future
AVAIL-01546,IV-007,2026-08-27 11:00,future
AVAIL-01547,IV-007,2026-08-27 13:00,future
AVAIL-01548,IV-007,2026-08-27 14:00,future
AVAIL-01549,IV-007,2026-08-27 15:00,future
AVAIL-01550,IV-007,2026-08-27 16:00,future
AVAIL-01551,IV-007,2026-08-28 09:00,future
AVAIL-01552,IV-007,2026-08-28 10:00,future
AVAIL-01553,IV-007,2026-08-28 11:00,future
AVAIL-01554,IV-007,2026-08-28 13:00,future
AVAIL-01555,IV-007,2026-08-28 14:00,future
AVAIL-01556,IV-007,2026-08-28 15:00,future
AVAIL-01557,IV-007,2026-08-31 09:00,future
AVAIL-01558,IV-007,2026-08-31 10:00,future
AVAIL-01559,IV-007,2026-08-31 11:00,future
AVAIL-01560,IV-007,2026-08-31 13:00,future
AVAIL-01561,IV-007,2026-08-31 14:00,future
AVAIL-01562,IV-007,2026-08-31 15:00,future
AVAIL-01563,IV-007,2026-09-01 09:00,future
AVAIL-01564,IV-007,2026-09-01 10:00,future
AVAIL-01565,IV-007,2026-09-01 11:00,future
AVAIL-01566,IV-007,2026-09-01 13:00,future
AVAIL-01567,IV-007,2026-09-01 15:00,future
AVAIL-01568,IV-007,2026-09-01 16:00,future
AVAIL-01569,IV-007,2026-09-02 10:00,future
AVAIL-01570,IV-007,2026-09-02 11:00,future
AVAIL-01571,IV-007,2026-09-02 13:00,future
AVAIL-01572,IV-007,2026-09-02 14:00,future
AVAIL-01573,IV-007,2026-09-02 15:00,future
AVAIL-01574,IV-007,2026-09-02 16:00,future
AVAIL-01575,IV-007,2026-09-03 09:00,future
AVAIL-01576,IV-007,2026-09-03 10:00,future
AVAIL-01577,IV-007,2026-09-03 13:00,future
AVAIL-01578,IV-007,2026-09-03 14:00,future
AVAIL-01579,IV-007,2026-09-03 15:00,future
AVAIL-01580,IV-007,2026-09-03 16:00,future
AVAIL-01581,IV-007,2026-09-04 09:00,future
AVAIL-01582,IV-007,2026-09-04 10:00,future
AVAIL-01583,IV-007,2026-09-04 11:00,future
AVAIL-01584,IV-007,2026-09-04 13:00,future
AVAIL-01585,IV-007,2026-09-04 14:00,future
AVAIL-01586,IV-007,2026-09-04 15:00,future
AVAIL-01587,IV-007,2026-09-04 16:00,future
AVAIL-01588,IV-007,2026-09-07 09:00,future
AVAIL-01589,IV-007,2026-09-07 10:00,future
AVAIL-01590,IV-007,2026-09-07 11:00,future
AVAIL-01591,IV-007,2026-09-07 13:00,future
AVAIL-01592,IV-007,2026-09-07 14:00,future
AVAIL-01593,IV-007,2026-09-07 15:00,future
AVAIL-01594,IV-007,2026-09-07 16:00,future
AVAIL-01595,IV-007,2026-09-08 10:00,future
AVAIL-01596,IV-007,2026-09-08 11:00,future
AVAIL-01597,IV-007,2026-09-08 13:00,future
AVAIL-01598,IV-007,2026-09-08 14:00,future
AVAIL-01599,IV-007,2026-09-08 15:00,future
AVAIL-01600,IV-007,2026-09-08 16:00,future
AVAIL-01601,IV-007,2026-09-09 09:00,future
AVAIL-01602,IV-007,2026-09-09 10:00,future
AVAIL-01603,IV-007,2026-09-09 11:00,future
AVAIL-01604,IV-007,2026-09-09 13:00,future
AVAIL-01605,IV-007,2026-09-09 14:00,future
AVAIL-01606,IV-007,2026-09-09 15:00,future
AVAIL-01607,IV-007,2026-09-09 16:00,future
AVAIL-01608,IV-007,2026-09-11 09:00,future
AVAIL-01609,IV-007,2026-09-11 10:00,future
AVAIL-01610,IV-007,2026-09-11 11:00,future
AVAIL-01611,IV-007,2026-09-11 13:00,future
AVAIL-01612,IV-007,2026-09-11 14:00,future
AVAIL-01613,IV-007,2026-09-11 15:00,future
AVAIL-01614,IV-007,2026-09-11 16:00,future
AVAIL-01615,IV-007,2026-09-14 11:00,future
AVAIL-01616,IV-007,2026-09-14 14:00,future
AVAIL-01617,IV-007,2026-09-14 15:00,future
AVAIL-01618,IV-007,2026-09-14 16:00,future
AVAIL-01619,IV-007,2026-09-15 09:00,future
AVAIL-01620,IV-007,2026-09-15 10:00,future
AVAIL-01621,IV-007,2026-09-15 14:00,future
AVAIL-01622,IV-007,2026-09-15 15:00,future
AVAIL-01623,IV-007,2026-09-15 16:00,future
AVAIL-01624,IV-007,2026-09-16 09:00,future
AVAIL-01625,IV-007,2026-09-16 10:00,future
AVAIL-01626,IV-007,2026-09-16 13:00,future
AVAIL-01627,IV-007,2026-09-16 14:00,future
AVAIL-01628,IV-007,2026-09-16 15:00,future
AVAIL-01629,IV-007,2026-09-16 16:00,future
AVAIL-01630,IV-007,2026-09-17 09:00,future
AVAIL-01631,IV-007,2026-09-17 10:00,future
AVAIL-01632,IV-007,2026-09-17 11:00,future
AVAIL-01633,IV-007,2026-09-17 13:00,future
AVAIL-01634,IV-007,2026-09-17 14:00,future
AVAIL-01635,IV-007,2026-09-17 15:00,future
AVAIL-01636,IV-007,2026-09-17 16:00,future
AVAIL-01637,IV-007,2026-09-21 09:00,future
AVAIL-01638,IV-007,2026-09-21 10:00,future
AVAIL-01639,IV-007,2026-09-21 11:00,future
AVAIL-01640,IV-007,2026-09-21 13:00,future
AVAIL-01641,IV-007,2026-09-21 14:00,future
AVAIL-01642,IV-007,2026-09-21 15:00,future
AVAIL-01643,IV-007,2026-09-21 16:00,future
AVAIL-01644,IV-007,2026-09-22 09:00,future
AVAIL-01645,IV-007,2026-09-22 10:00,future
AVAIL-01646,IV-007,2026-09-22 11:00,future
AVAIL-01647,IV-007,2026-09-22 14:00,future
AVAIL-01648,IV-007,2026-09-22 16:00,future
AVAIL-01649,IV-007,2026-09-23 09:00,future
AVAIL-01650,IV-007,2026-09-23 10:00,future
AVAIL-01651,IV-007,2026-09-23 11:00,future
AVAIL-01652,IV-007,2026-09-23 13:00,future
AVAIL-01653,IV-007,2026-09-23 14:00,future
AVAIL-01654,IV-007,2026-09-23 15:00,future
AVAIL-01655,IV-007,2026-09-23 16:00,future
AVAIL-01656,IV-007,2026-09-24 10:00,future
AVAIL-01657,IV-007,2026-09-24 11:00,future
AVAIL-01658,IV-007,2026-09-24 13:00,future
AVAIL-01659,IV-007,2026-09-24 14:00,future
AVAIL-01660,IV-007,2026-09-24 15:00,future
AVAIL-01661,IV-007,2026-09-24 16:00,future
AVAIL-01662,IV-007,2026-09-25 09:00,future
AVAIL-01663,IV-007,2026-09-25 11:00,future
AVAIL-01664,IV-007,2026-09-25 13:00,future
AVAIL-01665,IV-007,2026-09-25 14:00,future
AVAIL-01666,IV-007,2026-09-25 15:00,future
AVAIL-01667,IV-007,2026-09-25 16:00,future
AVAIL-01668,IV-007,2026-09-28 09:00,future
AVAIL-01669,IV-007,2026-09-28 10:00,future
AVAIL-01670,IV-007,2026-09-28 11:00,future
AVAIL-01671,IV-007,2026-09-28 13:00,future
AVAIL-01672,IV-007,2026-09-28 14:00,future
AVAIL-01673,IV-007,2026-09-28 15:00,future
AVAIL-01674,IV-007,2026-09-28 16:00,future
AVAIL-01675,IV-007,2026-09-29 09:00,future
AVAIL-01676,IV-007,2026-09-29 10:00,future
AVAIL-01677,IV-007,2026-09-29 11:00,future
AVAIL-01678,IV-007,2026-09-29 13:00,future
AVAIL-01679,IV-007,2026-09-29 14:00,future
AVAIL-01680,IV-007,2026-09-29 15:00,future
AVAIL-01681,IV-007,2026-09-29 16:00,future
AVAIL-01682,IV-007,2026-09-30 09:00,future
AVAIL-01683,IV-007,2026-09-30 10:00,future
AVAIL-01684,IV-007,2026-09-30 11:00,future
AVAIL-01685,IV-007,2026-09-30 13:00,future
AVAIL-01686,IV-007,2026-09-30 15:00,future
AVAIL-01687,IV-007,2026-09-30 16:00,future
AVAIL-01688,IV-007,2026-10-01 09:00,future
AVAIL-01689,IV-007,2026-10-01 10:00,future
AVAIL-01690,IV-007,2026-10-01 11:00,future
AVAIL-01691,IV-007,2026-10-01 13:00,future
AVAIL-01692,IV-007,2026-10-01 14:00,future
AVAIL-01693,IV-007,2026-10-01 15:00,future
AVAIL-01694,IV-007,2026-10-01 16:00,future
AVAIL-01695,IV-007,2026-10-02 09:00,future
AVAIL-01696,IV-007,2026-10-02 10:00,future
AVAIL-01697,IV-007,2026-10-02 11:00,future
AVAIL-01698,IV-007,2026-10-02 13:00,future
AVAIL-01699,IV-007,2026-10-02 14:00,future
AVAIL-01700,IV-007,2026-10-02 15:00,future
AVAIL-01701,IV-007,2026-10-02 16:00,future
AVAIL-01702,IV-007,2026-10-05 09:00,future
AVAIL-01703,IV-007,2026-10-05 10:00,future
AVAIL-01704,IV-007,2026-10-05 11:00,future
AVAIL-01705,IV-007,2026-10-05 13:00,future
AVAIL-01706,IV-007,2026-10-05 15:00,future
AVAIL-01707,IV-007,2026-10-05 16:00,future
AVAIL-01708,IV-007,2026-10-06 09:00,future
AVAIL-01709,IV-007,2026-10-06 10:00,future
AVAIL-01710,IV-007,2026-10-06 11:00,future
AVAIL-01711,IV-007,2026-10-06 13:00,future
AVAIL-01712,IV-007,2026-10-06 14:00,future
AVAIL-01713,IV-007,2026-10-06 15:00,future
AVAIL-01714,IV-007,2026-10-06 16:00,future
AVAIL-01715,IV-007,2026-10-08 09:00,future
AVAIL-01716,IV-007,2026-10-08 10:00,future
AVAIL-01717,IV-007,2026-10-08 11:00,future
AVAIL-01718,IV-007,2026-10-08 13:00,future
AVAIL-01719,IV-007,2026-10-08 14:00,future
AVAIL-01720,IV-007,2026-10-08 15:00,future
AVAIL-01721,IV-007,2026-10-08 16:00,future
AVAIL-01722,IV-007,2026-10-09 09:00,future
AVAIL-01723,IV-007,2026-10-09 10:00,future
AVAIL-01724,IV-007,2026-10-09 11:00,future
AVAIL-01725,IV-007,2026-10-09 13:00,future
AVAIL-01726,IV-007,2026-10-09 14:00,future
AVAIL-01727,IV-007,2026-10-09 15:00,future
AVAIL-01728,IV-007,2026-10-09 16:00,future
AVAIL-01729,IV-007,2026-10-12 09:00,future
AVAIL-01730,IV-007,2026-10-12 11:00,future
AVAIL-01731,IV-007,2026-10-12 13:00,future
AVAIL-01732,IV-007,2026-10-12 14:00,future
AVAIL-01733,IV-007,2026-10-12 16:00,future
AVAIL-01734,IV-007,2026-10-13 10:00,future
AVAIL-01735,IV-007,2026-10-13 11:00,future
AVAIL-01736,IV-007,2026-10-13 13:00,future
AVAIL-01737,IV-007,2026-10-13 14:00,future
AVAIL-01738,IV-007,2026-10-13 15:00,future
AVAIL-01739,IV-007,2026-10-13 16:00,future
AVAIL-01740,IV-007,2026-10-14 09:00,future
AVAIL-01741,IV-007,2026-10-14 10:00,future
AVAIL-01742,IV-007,2026-10-14 11:00,future
AVAIL-01743,IV-007,2026-10-14 13:00,future
AVAIL-01744,IV-007,2026-10-14 14:00,future
AVAIL-01745,IV-007,2026-10-14 15:00,future
AVAIL-01746,IV-007,2026-10-14 16:00,future
AVAIL-01747,IV-007,2026-10-15 09:00,future
AVAIL-01748,IV-007,2026-10-15 10:00,future
AVAIL-01749,IV-007,2026-10-15 11:00,future
AVAIL-01750,IV-007,2026-10-15 13:00,future
AVAIL-01751,IV-007,2026-10-15 14:00,future
AVAIL-01752,IV-007,2026-10-15 15:00,future
AVAIL-01753,IV-007,2026-10-15 16:00,future
AVAIL-01754,IV-007,2026-10-16 09:00,future
AVAIL-01755,IV-007,2026-10-16 10:00,future
AVAIL-01756,IV-007,2026-10-16 11:00,future
AVAIL-01757,IV-007,2026-10-16 13:00,future
AVAIL-01758,IV-007,2026-10-16 14:00,future
AVAIL-01759,IV-007,2026-10-16 15:00,future
AVAIL-01760,IV-007,2026-10-16 16:00,future
AVAIL-01761,IV-007,2026-10-19 09:00,future
AVAIL-01762,IV-007,2026-10-19 10:00,future
AVAIL-01763,IV-007,2026-10-19 11:00,future
AVAIL-01764,IV-007,2026-10-19 13:00,future
AVAIL-01765,IV-007,2026-10-19 14:00,future
AVAIL-01766,IV-007,2026-10-19 15:00,future
AVAIL-01767,IV-007,2026-10-20 09:00,future
AVAIL-01768,IV-007,2026-10-20 11:00,future
AVAIL-01769,IV-007,2026-10-20 13:00,future
AVAIL-01770,IV-007,2026-10-20 14:00,future
AVAIL-01771,IV-007,2026-10-20 15:00,future
AVAIL-01772,IV-007,2026-10-20 16:00,future
AVAIL-01773,IV-007,2026-10-21 09:00,future
AVAIL-01774,IV-007,2026-10-21 10:00,future
AVAIL-01775,IV-007,2026-10-21 11:00,future
AVAIL-01776,IV-007,2026-10-21 14:00,future
AVAIL-01777,IV-007,2026-10-21 15:00,future
AVAIL-01778,IV-007,2026-10-21 16:00,future
AVAIL-01779,IV-007,2026-10-22 09:00,future
AVAIL-01780,IV-007,2026-10-22 10:00,future
AVAIL-01781,IV-007,2026-10-22 11:00,future
AVAIL-01782,IV-007,2026-10-22 14:00,future
AVAIL-01783,IV-007,2026-10-22 15:00,future
AVAIL-01784,IV-007,2026-10-22 16:00,future
AVAIL-01785,IV-007,2026-10-23 09:00,future
AVAIL-01786,IV-007,2026-10-23 10:00,future
AVAIL-01787,IV-007,2026-10-23 11:00,future
AVAIL-01788,IV-007,2026-10-23 13:00,future
AVAIL-01789,IV-007,2026-10-23 14:00,future
AVAIL-01790,IV-007,2026-10-23 15:00,future
AVAIL-01791,IV-007,2026-10-23 16:00,future
AVAIL-01792,IV-007,2026-10-26 09:00,future
AVAIL-01793,IV-007,2026-10-26 10:00,future
AVAIL-01794,IV-007,2026-10-26 11:00,future
AVAIL-01795,IV-007,2026-10-26 13:00,future
AVAIL-01796,IV-007,2026-10-26 14:00,future
AVAIL-01797,IV-007,2026-10-26 15:00,future
AVAIL-01798,IV-007,2026-10-26 16:00,future
AVAIL-01799,IV-007,2026-10-27 09:00,future
AVAIL-01800,IV-007,2026-10-27 10:00,future
AVAIL-01801,IV-007,2026-10-27 11:00,future
AVAIL-01802,IV-007,2026-10-27 13:00,future
AVAIL-01803,IV-007,2026-10-27 14:00,future
AVAIL-01804,IV-007,2026-10-27 15:00,future
AVAIL-01805,IV-007,2026-10-27 16:00,future
AVAIL-01806,IV-007,2026-10-28 10:00,future
AVAIL-01807,IV-007,2026-10-28 11:00,future
AVAIL-01808,IV-007,2026-10-28 13:00,future
AVAIL-01809,IV-007,2026-10-28 14:00,future
AVAIL-01810,IV-007,2026-10-28 15:00,future
AVAIL-01811,IV-007,2026-10-28 16:00,future
AVAIL-01812,IV-007,2026-10-29 09:00,future
AVAIL-01813,IV-007,2026-10-29 10:00,future
AVAIL-01814,IV-007,2026-10-29 13:00,future
AVAIL-01815,IV-007,2026-10-29 14:00,future
AVAIL-01816,IV-007,2026-10-29 15:00,future
AVAIL-01817,IV-007,2026-10-29 16:00,future
AVAIL-01818,IV-007,2026-10-30 09:00,future
AVAIL-01819,IV-007,2026-10-30 10:00,future
AVAIL-01820,IV-007,2026-10-30 11:00,future
AVAIL-01821,IV-007,2026-10-30 13:00,future
AVAIL-01822,IV-007,2026-10-30 14:00,future
AVAIL-01823,IV-007,2026-10-30 15:00,future
AVAIL-01824,IV-007,2026-11-02 09:00,future
AVAIL-01825,IV-007,2026-11-02 10:00,future
AVAIL-01826,IV-007,2026-11-02 11:00,future
AVAIL-01827,IV-007,2026-11-02 13:00,future
AVAIL-01828,IV-007,2026-11-02 14:00,future
AVAIL-01829,IV-007,2026-11-02 15:00,future
AVAIL-01830,IV-007,2026-11-02 16:00,future
AVAIL-01831,IV-007,2026-11-03 09:00,future
AVAIL-01832,IV-007,2026-11-03 10:00,future
AVAIL-01833,IV-007,2026-11-03 14:00,future
AVAIL-01834,IV-007,2026-11-03 15:00,future
AVAIL-01835,IV-007,2026-11-03 16:00,future
AVAIL-01836,IV-007,2026-11-04 09:00,future
AVAIL-01837,IV-007,2026-11-04 10:00,future
AVAIL-01838,IV-007,2026-11-04 11:00,future
AVAIL-01839,IV-007,2026-11-04 13:00,future
AVAIL-01840,IV-007,2026-11-04 14:00,future
AVAIL-01841,IV-007,2026-11-04 16:00,future
AVAIL-01842,IV-007,2026-11-05 09:00,future
AVAIL-01843,IV-007,2026-11-05 10:00,future
AVAIL-01844,IV-007,2026-11-05 11:00,future
AVAIL-01845,IV-007,2026-11-05 13:00,future
AVAIL-01846,IV-007,2026-11-05 14:00,future
AVAIL-01847,IV-007,2026-11-05 15:00,future
AVAIL-01848,IV-007,2026-11-05 16:00,future
AVAIL-01849,IV-007,2026-11-06 09:00,future
AVAIL-01850,IV-007,2026-11-06 10:00,future
AVAIL-01851,IV-007,2026-11-06 13:00,future
AVAIL-01852,IV-007,2026-11-06 14:00,future
AVAIL-01853,IV-007,2026-11-06 15:00,future
AVAIL-01854,IV-007,2026-11-06 16:00,future
AVAIL-01855,IV-007,2026-11-09 09:00,future
AVAIL-01856,IV-007,2026-11-09 10:00,future
AVAIL-01857,IV-007,2026-11-09 11:00,future
AVAIL-01858,IV-007,2026-11-09 13:00,future
AVAIL-01859,IV-007,2026-11-09 14:00,future
AVAIL-01860,IV-007,2026-11-09 15:00,future
AVAIL-01861,IV-007,2026-11-09 16:00,future
AVAIL-01862,IV-007,2026-11-10 09:00,future
AVAIL-01863,IV-007,2026-11-10 10:00,future
AVAIL-01864,IV-007,2026-11-10 11:00,future
AVAIL-01865,IV-007,2026-11-10 13:00,future
AVAIL-01866,IV-007,2026-11-10 14:00,future
AVAIL-01867,IV-007,2026-11-10 15:00,future
AVAIL-01868,IV-007,2026-11-10 16:00,future
AVAIL-01869,IV-007,2026-11-11 09:00,future
AVAIL-01870,IV-007,2026-11-11 10:00,future
AVAIL-01871,IV-007,2026-11-11 11:00,future
AVAIL-01872,IV-007,2026-11-11 13:00,future
AVAIL-01873,IV-007,2026-11-11 14:00,future
AVAIL-01874,IV-007,2026-11-11 15:00,future
AVAIL-01875,IV-007,2026-11-12 09:00,future
AVAIL-01876,IV-007,2026-11-12 10:00,future
AVAIL-01877,IV-007,2026-11-12 11:00,future
AVAIL-01878,IV-007,2026-11-12 13:00,future
AVAIL-01879,IV-007,2026-11-12 14:00,future
AVAIL-01880,IV-007,2026-11-12 15:00,future
AVAIL-01881,IV-007,2026-11-12 16:00,future
AVAIL-01882,IV-007,2026-11-13 09:00,future
AVAIL-01883,IV-007,2026-11-13 10:00,future
AVAIL-01884,IV-007,2026-11-13 11:00,future
AVAIL-01885,IV-007,2026-11-13 13:00,future
AVAIL-01886,IV-007,2026-11-13 14:00,future
AVAIL-01887,IV-007,2026-11-13 15:00,future
AVAIL-01888,IV-007,2026-11-13 16:00,future
AVAIL-01889,IV-007,2026-11-16 09:00,future
AVAIL-01890,IV-007,2026-11-16 10:00,future
AVAIL-01891,IV-007,2026-11-16 11:00,future
AVAIL-01892,IV-007,2026-11-16 13:00,future
AVAIL-01893,IV-007,2026-11-16 16:00,future
AVAIL-01894,IV-007,2026-11-17 09:00,future
AVAIL-01895,IV-007,2026-11-17 10:00,future
AVAIL-01896,IV-007,2026-11-17 11:00,future
AVAIL-01897,IV-007,2026-11-17 13:00,future
AVAIL-01898,IV-007,2026-11-17 14:00,future
AVAIL-01899,IV-007,2026-11-17 15:00,future
AVAIL-01900,IV-007,2026-11-17 16:00,future
AVAIL-01901,IV-007,2026-11-18 09:00,future
AVAIL-01902,IV-007,2026-11-18 10:00,future
AVAIL-01903,IV-007,2026-11-18 11:00,future
AVAIL-01904,IV-007,2026-11-18 13:00,future
AVAIL-01905,IV-007,2026-11-18 14:00,future
AVAIL-01906,IV-007,2026-11-18 15:00,future
AVAIL-01907,IV-007,2026-11-18 16:00,future
AVAIL-01908,IV-008,2026-07-24 10:00,past
AVAIL-01909,IV-008,2026-07-24 14:00,past
AVAIL-01910,IV-008,2026-07-24 16:00,past
AVAIL-01911,IV-008,2026-07-29 09:00,past
AVAIL-01912,IV-008,2026-07-29 11:00,past
AVAIL-01913,IV-008,2026-07-29 14:00,past
AVAIL-01914,IV-008,2026-08-04 14:00,past
AVAIL-01915,IV-008,2026-08-04 15:00,past
AVAIL-01916,IV-008,2026-08-05 11:00,past
AVAIL-01917,IV-008,2026-08-05 15:00,past
AVAIL-01918,IV-008,2026-08-06 09:00,past
AVAIL-01919,IV-008,2026-08-06 13:00,past
AVAIL-01920,IV-008,2026-08-06 15:00,past
AVAIL-01921,IV-008,2026-08-13 14:00,past
AVAIL-01922,IV-008,2026-08-17 09:00,past
AVAIL-01923,IV-008,2026-08-17 11:00,past
AVAIL-01924,IV-008,2026-08-17 15:00,past
AVAIL-01925,IV-008,2026-08-17 16:00,past
AVAIL-01926,IV-008,2026-08-18 15:00,past
AVAIL-01927,IV-008,2026-08-18 16:00,past
AVAIL-01928,IV-008,2026-08-20 14:00,past
AVAIL-01929,IV-008,2026-08-20 16:00,past
AVAIL-01930,IV-008,2026-08-27 09:00,future
AVAIL-01931,IV-008,2026-08-27 10:00,future
AVAIL-01932,IV-008,2026-08-27 11:00,future
AVAIL-01933,IV-008,2026-08-27 13:00,future
AVAIL-01934,IV-008,2026-08-27 14:00,future
AVAIL-01935,IV-008,2026-08-27 15:00,future
AVAIL-01936,IV-008,2026-08-27 16:00,future
AVAIL-01937,IV-008,2026-08-28 09:00,future
AVAIL-01938,IV-008,2026-08-28 10:00,future
AVAIL-01939,IV-008,2026-08-28 11:00,future
AVAIL-01940,IV-008,2026-08-28 13:00,future
AVAIL-01941,IV-008,2026-08-28 14:00,future
AVAIL-01942,IV-008,2026-08-28 15:00,future
AVAIL-01943,IV-008,2026-08-28 16:00,future
AVAIL-01944,IV-008,2026-09-01 09:00,future
AVAIL-01945,IV-008,2026-09-01 10:00,future
AVAIL-01946,IV-008,2026-09-01 11:00,future
AVAIL-01947,IV-008,2026-09-01 13:00,future
AVAIL-01948,IV-008,2026-09-01 14:00,future
AVAIL-01949,IV-008,2026-09-01 15:00,future
AVAIL-01950,IV-008,2026-09-01 16:00,future
AVAIL-01951,IV-008,2026-09-03 09:00,future
AVAIL-01952,IV-008,2026-09-03 10:00,future
AVAIL-01953,IV-008,2026-09-03 11:00,future
AVAIL-01954,IV-008,2026-09-03 13:00,future
AVAIL-01955,IV-008,2026-09-03 14:00,future
AVAIL-01956,IV-008,2026-09-03 15:00,future
AVAIL-01957,IV-008,2026-09-03 16:00,future
AVAIL-01958,IV-008,2026-09-04 09:00,future
AVAIL-01959,IV-008,2026-09-04 10:00,future
AVAIL-01960,IV-008,2026-09-04 11:00,future
AVAIL-01961,IV-008,2026-09-04 13:00,future
AVAIL-01962,IV-008,2026-09-04 14:00,future
AVAIL-01963,IV-008,2026-09-04 15:00,future
AVAIL-01964,IV-008,2026-09-04 16:00,future
AVAIL-01965,IV-008,2026-09-07 09:00,future
AVAIL-01966,IV-008,2026-09-07 10:00,future
AVAIL-01967,IV-008,2026-09-07 11:00,future
AVAIL-01968,IV-008,2026-09-07 13:00,future
AVAIL-01969,IV-008,2026-09-07 14:00,future
AVAIL-01970,IV-008,2026-09-07 15:00,future
AVAIL-01971,IV-008,2026-09-07 16:00,future
AVAIL-01972,IV-008,2026-09-08 09:00,future
AVAIL-01973,IV-008,2026-09-08 10:00,future
AVAIL-01974,IV-008,2026-09-08 11:00,future
AVAIL-01975,IV-008,2026-09-08 14:00,future
AVAIL-01976,IV-008,2026-09-08 15:00,future
AVAIL-01977,IV-008,2026-09-08 16:00,future
AVAIL-01978,IV-008,2026-09-09 09:00,future
AVAIL-01979,IV-008,2026-09-09 10:00,future
AVAIL-01980,IV-008,2026-09-09 11:00,future
AVAIL-01981,IV-008,2026-09-09 13:00,future
AVAIL-01982,IV-008,2026-09-09 14:00,future
AVAIL-01983,IV-008,2026-09-09 15:00,future
AVAIL-01984,IV-008,2026-09-09 16:00,future
AVAIL-01985,IV-008,2026-09-10 09:00,future
AVAIL-01986,IV-008,2026-09-10 10:00,future
AVAIL-01987,IV-008,2026-09-10 11:00,future
AVAIL-01988,IV-008,2026-09-10 14:00,future
AVAIL-01989,IV-008,2026-09-10 15:00,future
AVAIL-01990,IV-008,2026-09-11 09:00,future
AVAIL-01991,IV-008,2026-09-11 10:00,future
AVAIL-01992,IV-008,2026-09-11 13:00,future
AVAIL-01993,IV-008,2026-09-11 14:00,future
AVAIL-01994,IV-008,2026-09-11 15:00,future
AVAIL-01995,IV-008,2026-09-15 10:00,future
AVAIL-01996,IV-008,2026-09-15 11:00,future
AVAIL-01997,IV-008,2026-09-15 13:00,future
AVAIL-01998,IV-008,2026-09-15 16:00,future
AVAIL-01999,IV-008,2026-09-18 09:00,future
AVAIL-02000,IV-008,2026-09-18 10:00,future
AVAIL-02001,IV-008,2026-09-18 11:00,future
AVAIL-02002,IV-008,2026-09-18 13:00,future
AVAIL-02003,IV-008,2026-09-18 14:00,future
AVAIL-02004,IV-008,2026-09-18 15:00,future
AVAIL-02005,IV-008,2026-09-18 16:00,future
AVAIL-02006,IV-008,2026-09-21 09:00,future
AVAIL-02007,IV-008,2026-09-21 10:00,future
AVAIL-02008,IV-008,2026-09-21 11:00,future
AVAIL-02009,IV-008,2026-09-21 13:00,future
AVAIL-02010,IV-008,2026-09-21 14:00,future
AVAIL-02011,IV-008,2026-09-21 15:00,future
AVAIL-02012,IV-008,2026-09-21 16:00,future
AVAIL-02013,IV-008,2026-09-28 09:00,future
AVAIL-02014,IV-008,2026-09-28 10:00,future
AVAIL-02015,IV-008,2026-09-28 11:00,future
AVAIL-02016,IV-008,2026-09-28 13:00,future
AVAIL-02017,IV-008,2026-09-28 14:00,future
AVAIL-02018,IV-008,2026-09-28 15:00,future
AVAIL-02019,IV-008,2026-09-28 16:00,future
AVAIL-02020,IV-008,2026-09-29 09:00,future
AVAIL-02021,IV-008,2026-09-29 10:00,future
AVAIL-02022,IV-008,2026-09-29 11:00,future
AVAIL-02023,IV-008,2026-09-29 13:00,future
AVAIL-02024,IV-008,2026-09-29 14:00,future
AVAIL-02025,IV-008,2026-09-29 15:00,future
AVAIL-02026,IV-008,2026-09-29 16:00,future
AVAIL-02027,IV-008,2026-10-01 09:00,future
AVAIL-02028,IV-008,2026-10-01 10:00,future
AVAIL-02029,IV-008,2026-10-01 11:00,future
AVAIL-02030,IV-008,2026-10-01 13:00,future
AVAIL-02031,IV-008,2026-10-01 15:00,future
AVAIL-02032,IV-008,2026-10-01 16:00,future
AVAIL-02033,IV-008,2026-10-02 09:00,future
AVAIL-02034,IV-008,2026-10-02 10:00,future
AVAIL-02035,IV-008,2026-10-02 11:00,future
AVAIL-02036,IV-008,2026-10-02 13:00,future
AVAIL-02037,IV-008,2026-10-02 14:00,future
AVAIL-02038,IV-008,2026-10-02 15:00,future
AVAIL-02039,IV-008,2026-10-02 16:00,future
AVAIL-02040,IV-008,2026-10-06 09:00,future
AVAIL-02041,IV-008,2026-10-06 10:00,future
AVAIL-02042,IV-008,2026-10-06 11:00,future
AVAIL-02043,IV-008,2026-10-06 13:00,future
AVAIL-02044,IV-008,2026-10-06 14:00,future
AVAIL-02045,IV-008,2026-10-06 15:00,future
AVAIL-02046,IV-008,2026-10-06 16:00,future
AVAIL-02047,IV-008,2026-10-09 09:00,future
AVAIL-02048,IV-008,2026-10-09 10:00,future
AVAIL-02049,IV-008,2026-10-09 11:00,future
AVAIL-02050,IV-008,2026-10-09 13:00,future
AVAIL-02051,IV-008,2026-10-09 14:00,future
AVAIL-02052,IV-008,2026-10-09 16:00,future
AVAIL-02053,IV-008,2026-10-12 09:00,future
AVAIL-02054,IV-008,2026-10-12 10:00,future
AVAIL-02055,IV-008,2026-10-12 11:00,future
AVAIL-02056,IV-008,2026-10-12 13:00,future
AVAIL-02057,IV-008,2026-10-12 14:00,future
AVAIL-02058,IV-008,2026-10-12 15:00,future
AVAIL-02059,IV-008,2026-10-12 16:00,future
AVAIL-02060,IV-008,2026-10-13 09:00,future
AVAIL-02061,IV-008,2026-10-13 10:00,future
AVAIL-02062,IV-008,2026-10-13 13:00,future
AVAIL-02063,IV-008,2026-10-13 14:00,future
AVAIL-02064,IV-008,2026-10-13 15:00,future
AVAIL-02065,IV-008,2026-10-13 16:00,future
AVAIL-02066,IV-008,2026-10-14 10:00,future
AVAIL-02067,IV-008,2026-10-14 11:00,future
AVAIL-02068,IV-008,2026-10-14 13:00,future
AVAIL-02069,IV-008,2026-10-14 14:00,future
AVAIL-02070,IV-008,2026-10-14 15:00,future
AVAIL-02071,IV-008,2026-10-14 16:00,future
AVAIL-02072,IV-008,2026-10-15 09:00,future
AVAIL-02073,IV-008,2026-10-15 10:00,future
AVAIL-02074,IV-008,2026-10-15 11:00,future
AVAIL-02075,IV-008,2026-10-15 13:00,future
AVAIL-02076,IV-008,2026-10-15 14:00,future
AVAIL-02077,IV-008,2026-10-15 15:00,future
AVAIL-02078,IV-008,2026-10-15 16:00,future
AVAIL-02079,IV-008,2026-10-16 09:00,future
AVAIL-02080,IV-008,2026-10-16 10:00,future
AVAIL-02081,IV-008,2026-10-16 11:00,future
AVAIL-02082,IV-008,2026-10-16 13:00,future
AVAIL-02083,IV-008,2026-10-16 14:00,future
AVAIL-02084,IV-008,2026-10-16 15:00,future
AVAIL-02085,IV-008,2026-10-16 16:00,future
AVAIL-02086,IV-008,2026-10-19 09:00,future
AVAIL-02087,IV-008,2026-10-19 10:00,future
AVAIL-02088,IV-008,2026-10-19 11:00,future
AVAIL-02089,IV-008,2026-10-19 13:00,future
AVAIL-02090,IV-008,2026-10-19 14:00,future
AVAIL-02091,IV-008,2026-10-19 15:00,future
AVAIL-02092,IV-008,2026-10-19 16:00,future
AVAIL-02093,IV-008,2026-10-20 10:00,future
AVAIL-02094,IV-008,2026-10-20 11:00,future
AVAIL-02095,IV-008,2026-10-20 13:00,future
AVAIL-02096,IV-008,2026-10-20 14:00,future
AVAIL-02097,IV-008,2026-10-20 15:00,future
AVAIL-02098,IV-008,2026-10-20 16:00,future
AVAIL-02099,IV-008,2026-10-21 09:00,future
AVAIL-02100,IV-008,2026-10-21 10:00,future
AVAIL-02101,IV-008,2026-10-21 11:00,future
AVAIL-02102,IV-008,2026-10-21 14:00,future
AVAIL-02103,IV-008,2026-10-21 15:00,future
AVAIL-02104,IV-008,2026-10-21 16:00,future
AVAIL-02105,IV-008,2026-10-23 10:00,future
AVAIL-02106,IV-008,2026-10-23 11:00,future
AVAIL-02107,IV-008,2026-10-23 13:00,future
AVAIL-02108,IV-008,2026-10-23 15:00,future
AVAIL-02109,IV-008,2026-10-23 16:00,future
AVAIL-02110,IV-008,2026-10-26 09:00,future
AVAIL-02111,IV-008,2026-10-26 10:00,future
AVAIL-02112,IV-008,2026-10-26 11:00,future
AVAIL-02113,IV-008,2026-10-26 13:00,future
AVAIL-02114,IV-008,2026-10-26 14:00,future
AVAIL-02115,IV-008,2026-10-26 15:00,future
AVAIL-02116,IV-008,2026-10-26 16:00,future
AVAIL-02117,IV-008,2026-10-28 09:00,future
AVAIL-02118,IV-008,2026-10-28 10:00,future
AVAIL-02119,IV-008,2026-10-28 11:00,future
AVAIL-02120,IV-008,2026-10-28 13:00,future
AVAIL-02121,IV-008,2026-10-28 14:00,future
AVAIL-02122,IV-008,2026-10-28 15:00,future
AVAIL-02123,IV-008,2026-10-28 16:00,future
AVAIL-02124,IV-008,2026-11-02 09:00,future
AVAIL-02125,IV-008,2026-11-02 10:00,future
AVAIL-02126,IV-008,2026-11-02 11:00,future
AVAIL-02127,IV-008,2026-11-02 13:00,future
AVAIL-02128,IV-008,2026-11-02 14:00,future
AVAIL-02129,IV-008,2026-11-02 16:00,future
AVAIL-02130,IV-008,2026-11-03 09:00,future
AVAIL-02131,IV-008,2026-11-03 10:00,future
AVAIL-02132,IV-008,2026-11-03 11:00,future
AVAIL-02133,IV-008,2026-11-03 13:00,future
AVAIL-02134,IV-008,2026-11-03 14:00,future
AVAIL-02135,IV-008,2026-11-03 15:00,future
AVAIL-02136,IV-008,2026-11-03 16:00,future
AVAIL-02137,IV-008,2026-11-05 09:00,future
AVAIL-02138,IV-008,2026-11-05 11:00,future
AVAIL-02139,IV-008,2026-11-05 13:00,future
AVAIL-02140,IV-008,2026-11-05 14:00,future
AVAIL-02141,IV-008,2026-11-05 15:00,future
AVAIL-02142,IV-008,2026-11-05 16:00,future
AVAIL-02143,IV-008,2026-11-10 09:00,future
AVAIL-02144,IV-008,2026-11-10 10:00,future
AVAIL-02145,IV-008,2026-11-10 13:00,future
AVAIL-02146,IV-008,2026-11-10 14:00,future
AVAIL-02147,IV-008,2026-11-10 15:00,future
AVAIL-02148,IV-008,2026-11-10 16:00,future
AVAIL-02149,IV-008,2026-11-12 09:00,future
AVAIL-02150,IV-008,2026-11-12 10:00,future
AVAIL-02151,IV-008,2026-11-12 11:00,future
AVAIL-02152,IV-008,2026-11-12 13:00,future
AVAIL-02153,IV-008,2026-11-12 14:00,future
AVAIL-02154,IV-008,2026-11-12 15:00,future
AVAIL-02155,IV-008,2026-11-12 16:00,future
AVAIL-02156,IV-008,2026-11-13 10:00,future
AVAIL-02157,IV-008,2026-11-13 13:00,future
AVAIL-02158,IV-008,2026-11-13 14:00,future
AVAIL-02159,IV-008,2026-11-13 15:00,future
AVAIL-02160,IV-008,2026-11-17 09:00,future
AVAIL-02161,IV-008,2026-11-17 11:00,future
AVAIL-02162,IV-008,2026-11-17 13:00,future
AVAIL-02163,IV-008,2026-11-17 14:00,future
AVAIL-02164,IV-008,2026-11-17 15:00,future
AVAIL-02165,IV-008,2026-11-17 16:00,future
AVAIL-02166,IV-008,2026-11-18 09:00,future
AVAIL-02167,IV-008,2026-11-18 10:00,future
AVAIL-02168,IV-008,2026-11-18 11:00,future
AVAIL-02169,IV-008,2026-11-18 13:00,future
AVAIL-02170,IV-008,2026-11-18 14:00,future
AVAIL-02171,IV-008,2026-11-18 15:00,future
AVAIL-02172,IV-008,2026-11-18 16:00,future
AVAIL-02173,IV-009,2026-07-27 13:00,past
AVAIL-02174,IV-009,2026-07-29 11:00,past
AVAIL-02175,IV-009,2026-07-31 09:00,past
AVAIL-02176,IV-009,2026-07-31 13:00,past
AVAIL-02177,IV-009,2026-08-05 11:00,past
AVAIL-02178,IV-009,2026-08-05 16:00,past
AVAIL-02179,IV-009,2026-08-07 10:00,past
AVAIL-02180,IV-009,2026-08-10 10:00,past
AVAIL-02181,IV-009,2026-08-10 14:00,past
AVAIL-02182,IV-009,2026-08-10 15:00,past
AVAIL-02183,IV-009,2026-08-14 10:00,past
AVAIL-02184,IV-009,2026-08-14 13:00,past
AVAIL-02185,IV-009,2026-08-19 09:00,past
AVAIL-02186,IV-009,2026-08-19 10:00,past
AVAIL-02187,IV-009,2026-08-19 11:00,past
AVAIL-02188,IV-009,2026-08-19 15:00,past
AVAIL-02189,IV-009,2026-08-19 16:00,past
AVAIL-02190,IV-009,2026-08-20 13:00,past
AVAIL-02191,IV-009,2026-08-20 14:00,past
AVAIL-02192,IV-009,2026-08-20 16:00,past
AVAIL-02193,IV-009,2026-08-24 09:00,future
AVAIL-02194,IV-009,2026-08-24 10:00,future
AVAIL-02195,IV-009,2026-08-24 11:00,future
AVAIL-02196,IV-009,2026-08-24 13:00,future
AVAIL-02197,IV-009,2026-08-24 14:00,future
AVAIL-02198,IV-009,2026-08-24 15:00,future
AVAIL-02199,IV-009,2026-08-24 16:00,future
AVAIL-02200,IV-009,2026-08-26 09:00,future
AVAIL-02201,IV-009,2026-08-26 10:00,future
AVAIL-02202,IV-009,2026-08-26 11:00,future
AVAIL-02203,IV-009,2026-08-26 13:00,future
AVAIL-02204,IV-009,2026-08-26 14:00,future
AVAIL-02205,IV-009,2026-08-26 16:00,future
AVAIL-02206,IV-009,2026-08-28 09:00,future
AVAIL-02207,IV-009,2026-08-28 10:00,future
AVAIL-02208,IV-009,2026-08-28 11:00,future
AVAIL-02209,IV-009,2026-08-28 13:00,future
AVAIL-02210,IV-009,2026-08-28 14:00,future
AVAIL-02211,IV-009,2026-08-28 15:00,future
AVAIL-02212,IV-009,2026-08-28 16:00,future
AVAIL-02213,IV-009,2026-08-31 09:00,future
AVAIL-02214,IV-009,2026-08-31 10:00,future
AVAIL-02215,IV-009,2026-08-31 11:00,future
AVAIL-02216,IV-009,2026-08-31 13:00,future
AVAIL-02217,IV-009,2026-08-31 14:00,future
AVAIL-02218,IV-009,2026-08-31 16:00,future
AVAIL-02219,IV-009,2026-09-02 09:00,future
AVAIL-02220,IV-009,2026-09-02 10:00,future
AVAIL-02221,IV-009,2026-09-02 11:00,future
AVAIL-02222,IV-009,2026-09-02 13:00,future
AVAIL-02223,IV-009,2026-09-02 14:00,future
AVAIL-02224,IV-009,2026-09-02 15:00,future
AVAIL-02225,IV-009,2026-09-02 16:00,future
AVAIL-02226,IV-009,2026-09-03 09:00,future
AVAIL-02227,IV-009,2026-09-03 10:00,future
AVAIL-02228,IV-009,2026-09-03 11:00,future
AVAIL-02229,IV-009,2026-09-03 13:00,future
AVAIL-02230,IV-009,2026-09-03 15:00,future
AVAIL-02231,IV-009,2026-09-03 16:00,future
AVAIL-02232,IV-009,2026-09-04 09:00,future
AVAIL-02233,IV-009,2026-09-04 10:00,future
AVAIL-02234,IV-009,2026-09-04 11:00,future
AVAIL-02235,IV-009,2026-09-04 13:00,future
AVAIL-02236,IV-009,2026-09-04 14:00,future
AVAIL-02237,IV-009,2026-09-04 15:00,future
AVAIL-02238,IV-009,2026-09-09 09:00,future
AVAIL-02239,IV-009,2026-09-09 10:00,future
AVAIL-02240,IV-009,2026-09-09 11:00,future
AVAIL-02241,IV-009,2026-09-09 13:00,future
AVAIL-02242,IV-009,2026-09-09 14:00,future
AVAIL-02243,IV-009,2026-09-09 15:00,future
AVAIL-02244,IV-009,2026-09-09 16:00,future
AVAIL-02245,IV-009,2026-09-11 09:00,future
AVAIL-02246,IV-009,2026-09-11 10:00,future
AVAIL-02247,IV-009,2026-09-11 13:00,future
AVAIL-02248,IV-009,2026-09-11 14:00,future
AVAIL-02249,IV-009,2026-09-11 15:00,future
AVAIL-02250,IV-009,2026-09-11 16:00,future
AVAIL-02251,IV-009,2026-09-15 09:00,future
AVAIL-02252,IV-009,2026-09-15 10:00,future
AVAIL-02253,IV-009,2026-09-15 11:00,future
AVAIL-02254,IV-009,2026-09-15 13:00,future
AVAIL-02255,IV-009,2026-09-15 14:00,future
AVAIL-02256,IV-009,2026-09-15 15:00,future
AVAIL-02257,IV-009,2026-09-15 16:00,future
AVAIL-02258,IV-009,2026-09-17 10:00,future
AVAIL-02259,IV-009,2026-09-17 11:00,future
AVAIL-02260,IV-009,2026-09-17 13:00,future
AVAIL-02261,IV-009,2026-09-17 14:00,future
AVAIL-02262,IV-009,2026-09-17 15:00,future
AVAIL-02263,IV-009,2026-09-17 16:00,future
AVAIL-02264,IV-009,2026-09-18 09:00,future
AVAIL-02265,IV-009,2026-09-18 10:00,future
AVAIL-02266,IV-009,2026-09-18 11:00,future
AVAIL-02267,IV-009,2026-09-18 13:00,future
AVAIL-02268,IV-009,2026-09-18 14:00,future
AVAIL-02269,IV-009,2026-09-18 15:00,future
AVAIL-02270,IV-009,2026-09-18 16:00,future
AVAIL-02271,IV-009,2026-09-21 09:00,future
AVAIL-02272,IV-009,2026-09-21 10:00,future
AVAIL-02273,IV-009,2026-09-21 11:00,future
AVAIL-02274,IV-009,2026-09-21 13:00,future
AVAIL-02275,IV-009,2026-09-21 14:00,future
AVAIL-02276,IV-009,2026-09-21 15:00,future
AVAIL-02277,IV-009,2026-09-21 16:00,future
AVAIL-02278,IV-009,2026-09-24 09:00,future
AVAIL-02279,IV-009,2026-09-24 10:00,future
AVAIL-02280,IV-009,2026-09-24 11:00,future
AVAIL-02281,IV-009,2026-09-24 13:00,future
AVAIL-02282,IV-009,2026-09-24 14:00,future
AVAIL-02283,IV-009,2026-09-24 15:00,future
AVAIL-02284,IV-009,2026-09-24 16:00,future
AVAIL-02285,IV-009,2026-09-28 09:00,future
AVAIL-02286,IV-009,2026-09-28 10:00,future
AVAIL-02287,IV-009,2026-09-28 11:00,future
AVAIL-02288,IV-009,2026-09-28 13:00,future
AVAIL-02289,IV-009,2026-09-28 16:00,future
AVAIL-02290,IV-009,2026-09-29 10:00,future
AVAIL-02291,IV-009,2026-09-29 11:00,future
AVAIL-02292,IV-009,2026-09-29 13:00,future
AVAIL-02293,IV-009,2026-09-29 14:00,future
AVAIL-02294,IV-009,2026-09-29 15:00,future
AVAIL-02295,IV-009,2026-09-30 09:00,future
AVAIL-02296,IV-009,2026-09-30 10:00,future
AVAIL-02297,IV-009,2026-09-30 11:00,future
AVAIL-02298,IV-009,2026-09-30 13:00,future
AVAIL-02299,IV-009,2026-09-30 14:00,future
AVAIL-02300,IV-009,2026-09-30 15:00,future
AVAIL-02301,IV-009,2026-09-30 16:00,future
AVAIL-02302,IV-009,2026-10-01 09:00,future
AVAIL-02303,IV-009,2026-10-01 10:00,future
AVAIL-02304,IV-009,2026-10-01 11:00,future
AVAIL-02305,IV-009,2026-10-01 13:00,future
AVAIL-02306,IV-009,2026-10-01 14:00,future
AVAIL-02307,IV-009,2026-10-01 15:00,future
AVAIL-02308,IV-009,2026-10-01 16:00,future
AVAIL-02309,IV-009,2026-10-06 11:00,future
AVAIL-02310,IV-009,2026-10-06 13:00,future
AVAIL-02311,IV-009,2026-10-06 14:00,future
AVAIL-02312,IV-009,2026-10-06 15:00,future
AVAIL-02313,IV-009,2026-10-07 09:00,future
AVAIL-02314,IV-009,2026-10-07 10:00,future
AVAIL-02315,IV-009,2026-10-07 11:00,future
AVAIL-02316,IV-009,2026-10-07 13:00,future
AVAIL-02317,IV-009,2026-10-07 14:00,future
AVAIL-02318,IV-009,2026-10-07 15:00,future
AVAIL-02319,IV-009,2026-10-07 16:00,future
AVAIL-02320,IV-009,2026-10-08 09:00,future
AVAIL-02321,IV-009,2026-10-08 10:00,future
AVAIL-02322,IV-009,2026-10-08 11:00,future
AVAIL-02323,IV-009,2026-10-08 13:00,future
AVAIL-02324,IV-009,2026-10-08 15:00,future
AVAIL-02325,IV-009,2026-10-08 16:00,future
AVAIL-02326,IV-009,2026-10-13 09:00,future
AVAIL-02327,IV-009,2026-10-13 10:00,future
AVAIL-02328,IV-009,2026-10-13 11:00,future
AVAIL-02329,IV-009,2026-10-13 13:00,future
AVAIL-02330,IV-009,2026-10-13 14:00,future
AVAIL-02331,IV-009,2026-10-13 15:00,future
AVAIL-02332,IV-009,2026-10-13 16:00,future
AVAIL-02333,IV-009,2026-10-14 09:00,future
AVAIL-02334,IV-009,2026-10-14 10:00,future
AVAIL-02335,IV-009,2026-10-14 11:00,future
AVAIL-02336,IV-009,2026-10-14 13:00,future
AVAIL-02337,IV-009,2026-10-14 14:00,future
AVAIL-02338,IV-009,2026-10-14 15:00,future
AVAIL-02339,IV-009,2026-10-14 16:00,future
AVAIL-02340,IV-009,2026-10-16 10:00,future
AVAIL-02341,IV-009,2026-10-16 11:00,future
AVAIL-02342,IV-009,2026-10-16 13:00,future
AVAIL-02343,IV-009,2026-10-16 15:00,future
AVAIL-02344,IV-009,2026-10-16 16:00,future
AVAIL-02345,IV-009,2026-10-19 09:00,future
AVAIL-02346,IV-009,2026-10-19 10:00,future
AVAIL-02347,IV-009,2026-10-19 11:00,future
AVAIL-02348,IV-009,2026-10-19 14:00,future
AVAIL-02349,IV-009,2026-10-19 15:00,future
AVAIL-02350,IV-009,2026-10-19 16:00,future
AVAIL-02351,IV-009,2026-10-20 09:00,future
AVAIL-02352,IV-009,2026-10-20 10:00,future
AVAIL-02353,IV-009,2026-10-20 11:00,future
AVAIL-02354,IV-009,2026-10-20 13:00,future
AVAIL-02355,IV-009,2026-10-20 14:00,future
AVAIL-02356,IV-009,2026-10-20 15:00,future
AVAIL-02357,IV-009,2026-10-20 16:00,future
AVAIL-02358,IV-009,2026-10-21 09:00,future
AVAIL-02359,IV-009,2026-10-21 10:00,future
AVAIL-02360,IV-009,2026-10-21 11:00,future
AVAIL-02361,IV-009,2026-10-21 13:00,future
AVAIL-02362,IV-009,2026-10-21 14:00,future
AVAIL-02363,IV-009,2026-10-21 15:00,future
AVAIL-02364,IV-009,2026-10-21 16:00,future
AVAIL-02365,IV-009,2026-10-22 09:00,future
AVAIL-02366,IV-009,2026-10-22 10:00,future
AVAIL-02367,IV-009,2026-10-22 11:00,future
AVAIL-02368,IV-009,2026-10-22 13:00,future
AVAIL-02369,IV-009,2026-10-22 15:00,future
AVAIL-02370,IV-009,2026-10-22 16:00,future
AVAIL-02371,IV-009,2026-10-23 09:00,future
AVAIL-02372,IV-009,2026-10-23 10:00,future
AVAIL-02373,IV-009,2026-10-23 11:00,future
AVAIL-02374,IV-009,2026-10-23 13:00,future
AVAIL-02375,IV-009,2026-10-23 14:00,future
AVAIL-02376,IV-009,2026-10-23 15:00,future
AVAIL-02377,IV-009,2026-10-23 16:00,future
AVAIL-02378,IV-009,2026-10-26 09:00,future
AVAIL-02379,IV-009,2026-10-26 10:00,future
AVAIL-02380,IV-009,2026-10-26 11:00,future
AVAIL-02381,IV-009,2026-10-26 13:00,future
AVAIL-02382,IV-009,2026-10-26 15:00,future
AVAIL-02383,IV-009,2026-10-26 16:00,future
AVAIL-02384,IV-009,2026-10-27 09:00,future
AVAIL-02385,IV-009,2026-10-27 10:00,future
AVAIL-02386,IV-009,2026-10-27 11:00,future
AVAIL-02387,IV-009,2026-10-27 13:00,future
AVAIL-02388,IV-009,2026-10-27 14:00,future
AVAIL-02389,IV-009,2026-10-27 15:00,future
AVAIL-02390,IV-009,2026-10-27 16:00,future
AVAIL-02391,IV-009,2026-11-04 10:00,future
AVAIL-02392,IV-009,2026-11-04 13:00,future
AVAIL-02393,IV-009,2026-11-04 14:00,future
AVAIL-02394,IV-009,2026-11-04 15:00,future
AVAIL-02395,IV-009,2026-11-04 16:00,future
AVAIL-02396,IV-009,2026-11-05 09:00,future
AVAIL-02397,IV-009,2026-11-05 10:00,future
AVAIL-02398,IV-009,2026-11-05 11:00,future
AVAIL-02399,IV-009,2026-11-05 13:00,future
AVAIL-02400,IV-009,2026-11-05 14:00,future
AVAIL-02401,IV-009,2026-11-05 15:00,future
AVAIL-02402,IV-009,2026-11-05 16:00,future
AVAIL-02403,IV-009,2026-11-09 09:00,future
AVAIL-02404,IV-009,2026-11-09 10:00,future
AVAIL-02405,IV-009,2026-11-09 11:00,future
AVAIL-02406,IV-009,2026-11-09 13:00,future
AVAIL-02407,IV-009,2026-11-09 14:00,future
AVAIL-02408,IV-009,2026-11-09 15:00,future
AVAIL-02409,IV-009,2026-11-09 16:00,future
AVAIL-02410,IV-009,2026-11-10 09:00,future
AVAIL-02411,IV-009,2026-11-10 10:00,future
AVAIL-02412,IV-009,2026-11-10 11:00,future
AVAIL-02413,IV-009,2026-11-10 13:00,future
AVAIL-02414,IV-009,2026-11-10 14:00,future
AVAIL-02415,IV-009,2026-11-10 15:00,future
AVAIL-02416,IV-009,2026-11-10 16:00,future
AVAIL-02417,IV-009,2026-11-13 09:00,future
AVAIL-02418,IV-009,2026-11-13 10:00,future
AVAIL-02419,IV-009,2026-11-13 11:00,future
AVAIL-02420,IV-009,2026-11-13 13:00,future
AVAIL-02421,IV-009,2026-11-13 14:00,future
AVAIL-02422,IV-009,2026-11-13 15:00,future
AVAIL-02423,IV-009,2026-11-13 16:00,future
AVAIL-02424,IV-009,2026-11-16 09:00,future
AVAIL-02425,IV-009,2026-11-16 10:00,future
AVAIL-02426,IV-009,2026-11-16 11:00,future
AVAIL-02427,IV-009,2026-11-16 13:00,future
AVAIL-02428,IV-009,2026-11-16 14:00,future
AVAIL-02429,IV-009,2026-11-16 15:00,future
AVAIL-02430,IV-009,2026-11-17 09:00,future
AVAIL-02431,IV-009,2026-11-17 10:00,future
AVAIL-02432,IV-009,2026-11-17 11:00,future
AVAIL-02433,IV-009,2026-11-17 13:00,future
AVAIL-02434,IV-009,2026-11-17 14:00,future
AVAIL-02435,IV-009,2026-11-17 15:00,future
AVAIL-02436,IV-009,2026-11-17 16:00,future
AVAIL-02437,IV-009,2026-11-20 09:00,future
AVAIL-02438,IV-009,2026-11-20 10:00,future
AVAIL-02439,IV-009,2026-11-20 11:00,future
AVAIL-02440,IV-009,2026-11-20 13:00,future
AVAIL-02441,IV-009,2026-11-20 14:00,future
AVAIL-02442,IV-009,2026-11-20 15:00,future
AVAIL-02443,IV-009,2026-11-20 16:00,future
AVAIL-02444,IV-010,2026-07-27 14:00,past
AVAIL-02445,IV-010,2026-07-28 09:00,past
AVAIL-02446,IV-010,2026-07-28 10:00,past
AVAIL-02447,IV-010,2026-07-28 13:00,past
AVAIL-02448,IV-010,2026-07-29 16:00,past
AVAIL-02449,IV-010,2026-07-31 11:00,past
AVAIL-02450,IV-010,2026-07-31 15:00,past
AVAIL-02451,IV-010,2026-07-31 16:00,past
AVAIL-02452,IV-010,2026-08-03 11:00,past
AVAIL-02453,IV-010,2026-08-04 09:00,past
AVAIL-02454,IV-010,2026-08-04 10:00,past
AVAIL-02455,IV-010,2026-08-04 16:00,past
AVAIL-02456,IV-010,2026-08-06 09:00,past
AVAIL-02457,IV-010,2026-08-06 15:00,past
AVAIL-02458,IV-010,2026-08-10 11:00,past
AVAIL-02459,IV-010,2026-08-10 16:00,past
AVAIL-02460,IV-010,2026-08-11 10:00,past
AVAIL-02461,IV-010,2026-08-11 13:00,past
AVAIL-02462,IV-010,2026-08-12 09:00,past
AVAIL-02463,IV-010,2026-08-12 16:00,past
AVAIL-02464,IV-010,2026-08-14 15:00,past
AVAIL-02465,IV-010,2026-08-14 16:00,past
AVAIL-02466,IV-010,2026-08-17 09:00,past
AVAIL-02467,IV-010,2026-08-17 10:00,past
AVAIL-02468,IV-010,2026-08-17 14:00,past
AVAIL-02469,IV-010,2026-08-17 15:00,past
AVAIL-02470,IV-010,2026-08-17 16:00,past
AVAIL-02471,IV-010,2026-08-19 16:00,past
AVAIL-02472,IV-010,2026-08-20 13:00,past
AVAIL-02473,IV-010,2026-08-20 16:00,past
AVAIL-02474,IV-010,2026-08-21 09:00,past
AVAIL-02475,IV-010,2026-08-21 10:00,past
AVAIL-02476,IV-010,2026-08-21 11:00,past
AVAIL-02477,IV-010,2026-08-21 14:00,past
AVAIL-02478,IV-010,2026-08-24 09:00,future
AVAIL-02479,IV-010,2026-08-24 10:00,future
AVAIL-02480,IV-010,2026-08-24 11:00,future
AVAIL-02481,IV-010,2026-08-24 13:00,future
AVAIL-02482,IV-010,2026-08-24 14:00,future
AVAIL-02483,IV-010,2026-08-24 15:00,future
AVAIL-02484,IV-010,2026-08-24 16:00,future
AVAIL-02485,IV-010,2026-08-25 09:00,future
AVAIL-02486,IV-010,2026-08-25 10:00,future
AVAIL-02487,IV-010,2026-08-25 13:00,future
AVAIL-02488,IV-010,2026-08-25 14:00,future
AVAIL-02489,IV-010,2026-08-25 15:00,future
AVAIL-02490,IV-010,2026-08-25 16:00,future
AVAIL-02491,IV-010,2026-08-26 09:00,future
AVAIL-02492,IV-010,2026-08-26 10:00,future
AVAIL-02493,IV-010,2026-08-26 11:00,future
AVAIL-02494,IV-010,2026-08-26 13:00,future
AVAIL-02495,IV-010,2026-08-26 14:00,future
AVAIL-02496,IV-010,2026-08-26 15:00,future
AVAIL-02497,IV-010,2026-08-26 16:00,future
AVAIL-02498,IV-010,2026-08-31 09:00,future
AVAIL-02499,IV-010,2026-08-31 10:00,future
AVAIL-02500,IV-010,2026-08-31 11:00,future
AVAIL-02501,IV-010,2026-08-31 13:00,future
AVAIL-02502,IV-010,2026-08-31 14:00,future
AVAIL-02503,IV-010,2026-08-31 15:00,future
AVAIL-02504,IV-010,2026-09-01 09:00,future
AVAIL-02505,IV-010,2026-09-01 10:00,future
AVAIL-02506,IV-010,2026-09-01 11:00,future
AVAIL-02507,IV-010,2026-09-01 15:00,future
AVAIL-02508,IV-010,2026-09-01 16:00,future
AVAIL-02509,IV-010,2026-09-02 09:00,future
AVAIL-02510,IV-010,2026-09-02 10:00,future
AVAIL-02511,IV-010,2026-09-02 11:00,future
AVAIL-02512,IV-010,2026-09-02 13:00,future
AVAIL-02513,IV-010,2026-09-02 14:00,future
AVAIL-02514,IV-010,2026-09-02 15:00,future
AVAIL-02515,IV-010,2026-09-02 16:00,future
AVAIL-02516,IV-010,2026-09-04 09:00,future
AVAIL-02517,IV-010,2026-09-04 11:00,future
AVAIL-02518,IV-010,2026-09-04 13:00,future
AVAIL-02519,IV-010,2026-09-04 14:00,future
AVAIL-02520,IV-010,2026-09-04 15:00,future
AVAIL-02521,IV-010,2026-09-04 16:00,future
AVAIL-02522,IV-010,2026-09-08 10:00,future
AVAIL-02523,IV-010,2026-09-08 11:00,future
AVAIL-02524,IV-010,2026-09-08 13:00,future
AVAIL-02525,IV-010,2026-09-08 16:00,future
AVAIL-02526,IV-010,2026-09-15 09:00,future
AVAIL-02527,IV-010,2026-09-15 10:00,future
AVAIL-02528,IV-010,2026-09-15 11:00,future
AVAIL-02529,IV-010,2026-09-15 14:00,future
AVAIL-02530,IV-010,2026-09-15 16:00,future
AVAIL-02531,IV-010,2026-09-16 09:00,future
AVAIL-02532,IV-010,2026-09-16 10:00,future
AVAIL-02533,IV-010,2026-09-16 11:00,future
AVAIL-02534,IV-010,2026-09-16 13:00,future
AVAIL-02535,IV-010,2026-09-16 15:00,future
AVAIL-02536,IV-010,2026-09-16 16:00,future
AVAIL-02537,IV-010,2026-09-18 09:00,future
AVAIL-02538,IV-010,2026-09-18 10:00,future
AVAIL-02539,IV-010,2026-09-18 11:00,future
AVAIL-02540,IV-010,2026-09-18 14:00,future
AVAIL-02541,IV-010,2026-09-18 15:00,future
AVAIL-02542,IV-010,2026-09-18 16:00,future
AVAIL-02543,IV-010,2026-09-21 09:00,future
AVAIL-02544,IV-010,2026-09-21 10:00,future
AVAIL-02545,IV-010,2026-09-21 11:00,future
AVAIL-02546,IV-010,2026-09-21 13:00,future
AVAIL-02547,IV-010,2026-09-21 14:00,future
AVAIL-02548,IV-010,2026-09-21 15:00,future
AVAIL-02549,IV-010,2026-09-21 16:00,future
AVAIL-02550,IV-010,2026-09-23 09:00,future
AVAIL-02551,IV-010,2026-09-23 10:00,future
AVAIL-02552,IV-010,2026-09-23 11:00,future
AVAIL-02553,IV-010,2026-09-23 13:00,future
AVAIL-02554,IV-010,2026-09-23 14:00,future
AVAIL-02555,IV-010,2026-09-23 15:00,future
AVAIL-02556,IV-010,2026-09-25 09:00,future
AVAIL-02557,IV-010,2026-09-25 11:00,future
AVAIL-02558,IV-010,2026-09-25 13:00,future
AVAIL-02559,IV-010,2026-09-25 14:00,future
AVAIL-02560,IV-010,2026-09-25 15:00,future
AVAIL-02561,IV-010,2026-09-25 16:00,future
AVAIL-02562,IV-010,2026-09-30 09:00,future
AVAIL-02563,IV-010,2026-09-30 11:00,future
AVAIL-02564,IV-010,2026-09-30 13:00,future
AVAIL-02565,IV-010,2026-09-30 14:00,future
AVAIL-02566,IV-010,2026-09-30 15:00,future
AVAIL-02567,IV-010,2026-09-30 16:00,future
AVAIL-02568,IV-010,2026-10-06 09:00,future
AVAIL-02569,IV-010,2026-10-06 10:00,future
AVAIL-02570,IV-010,2026-10-06 11:00,future
AVAIL-02571,IV-010,2026-10-06 13:00,future
AVAIL-02572,IV-010,2026-10-06 14:00,future
AVAIL-02573,IV-010,2026-10-06 15:00,future
AVAIL-02574,IV-010,2026-10-07 09:00,future
AVAIL-02575,IV-010,2026-10-07 10:00,future
AVAIL-02576,IV-010,2026-10-07 11:00,future
AVAIL-02577,IV-010,2026-10-07 13:00,future
AVAIL-02578,IV-010,2026-10-07 14:00,future
AVAIL-02579,IV-010,2026-10-07 15:00,future
AVAIL-02580,IV-010,2026-10-07 16:00,future
AVAIL-02581,IV-010,2026-10-12 09:00,future
AVAIL-02582,IV-010,2026-10-12 11:00,future
AVAIL-02583,IV-010,2026-10-12 13:00,future
AVAIL-02584,IV-010,2026-10-12 14:00,future
AVAIL-02585,IV-010,2026-10-12 15:00,future
AVAIL-02586,IV-010,2026-10-14 09:00,future
AVAIL-02587,IV-010,2026-10-14 10:00,future
AVAIL-02588,IV-010,2026-10-14 11:00,future
AVAIL-02589,IV-010,2026-10-14 14:00,future
AVAIL-02590,IV-010,2026-10-14 15:00,future
AVAIL-02591,IV-010,2026-10-14 16:00,future
AVAIL-02592,IV-010,2026-10-15 09:00,future
AVAIL-02593,IV-010,2026-10-15 10:00,future
AVAIL-02594,IV-010,2026-10-15 11:00,future
AVAIL-02595,IV-010,2026-10-15 13:00,future
AVAIL-02596,IV-010,2026-10-15 15:00,future
AVAIL-02597,IV-010,2026-10-15 16:00,future
AVAIL-02598,IV-010,2026-10-20 10:00,future
AVAIL-02599,IV-010,2026-10-20 13:00,future
AVAIL-02600,IV-010,2026-10-20 14:00,future
AVAIL-02601,IV-010,2026-10-20 15:00,future
AVAIL-02602,IV-010,2026-10-20 16:00,future
AVAIL-02603,IV-010,2026-10-22 10:00,future
AVAIL-02604,IV-010,2026-10-22 11:00,future
AVAIL-02605,IV-010,2026-10-22 13:00,future
AVAIL-02606,IV-010,2026-10-22 14:00,future
AVAIL-02607,IV-010,2026-10-22 16:00,future
AVAIL-02608,IV-010,2026-10-26 09:00,future
AVAIL-02609,IV-010,2026-10-26 10:00,future
AVAIL-02610,IV-010,2026-10-26 11:00,future
AVAIL-02611,IV-010,2026-10-26 13:00,future
AVAIL-02612,IV-010,2026-10-26 14:00,future
AVAIL-02613,IV-010,2026-10-26 15:00,future
AVAIL-02614,IV-010,2026-10-26 16:00,future
AVAIL-02615,IV-010,2026-10-30 09:00,future
AVAIL-02616,IV-010,2026-10-30 10:00,future
AVAIL-02617,IV-010,2026-10-30 11:00,future
AVAIL-02618,IV-010,2026-10-30 13:00,future
AVAIL-02619,IV-010,2026-10-30 14:00,future
AVAIL-02620,IV-010,2026-10-30 15:00,future
AVAIL-02621,IV-010,2026-10-30 16:00,future
AVAIL-02622,IV-010,2026-11-03 09:00,future
AVAIL-02623,IV-010,2026-11-03 10:00,future
AVAIL-02624,IV-010,2026-11-03 11:00,future
AVAIL-02625,IV-010,2026-11-03 14:00,future
AVAIL-02626,IV-010,2026-11-03 15:00,future
AVAIL-02627,IV-010,2026-11-03 16:00,future
AVAIL-02628,IV-010,2026-11-09 09:00,future
AVAIL-02629,IV-010,2026-11-09 10:00,future
AVAIL-02630,IV-010,2026-11-09 11:00,future
AVAIL-02631,IV-010,2026-11-09 13:00,future
AVAIL-02632,IV-010,2026-11-09 14:00,future
AVAIL-02633,IV-010,2026-11-09 15:00,future
AVAIL-02634,IV-010,2026-11-09 16:00,future
AVAIL-02635,IV-010,2026-11-11 09:00,future
AVAIL-02636,IV-010,2026-11-11 11:00,future
AVAIL-02637,IV-010,2026-11-11 14:00,future
AVAIL-02638,IV-010,2026-11-11 15:00,future
AVAIL-02639,IV-010,2026-11-11 16:00,future
AVAIL-02640,IV-010,2026-11-13 10:00,future
AVAIL-02641,IV-010,2026-11-13 11:00,future
AVAIL-02642,IV-010,2026-11-13 13:00,future
AVAIL-02643,IV-010,2026-11-13 14:00,future
AVAIL-02644,IV-010,2026-11-13 15:00,future
AVAIL-02645,IV-010,2026-11-13 16:00,future
AVAIL-02646,IV-010,2026-11-16 09:00,future
AVAIL-02647,IV-010,2026-11-16 10:00,future
AVAIL-02648,IV-010,2026-11-16 11:00,future
AVAIL-02649,IV-010,2026-11-16 13:00,future
AVAIL-02650,IV-010,2026-11-16 14:00,future
AVAIL-02651,IV-010,2026-11-16 15:00,future
AVAIL-02652,IV-010,2026-11-16 16:00,future
AVAIL-02653,IV-010,2026-11-18 09:00,future
AVAIL-02654,IV-010,2026-11-18 10:00,future
AVAIL-02655,IV-010,2026-11-18 11:00,future
AVAIL-02656,IV-010,2026-11-18 13:00,future
AVAIL-02657,IV-010,2026-11-18 14:00,future
AVAIL-02658,IV-010,2026-11-18 15:00,future
AVAIL-02659,IV-010,2026-11-18 16:00,future
AVAIL-02660,IV-011,2026-07-27 15:00,past
AVAIL-02661,IV-011,2026-07-29 10:00,past
AVAIL-02662,IV-011,2026-08-06 10:00,past
AVAIL-02663,IV-011,2026-08-06 16:00,past
AVAIL-02664,IV-011,2026-08-10 10:00,past
AVAIL-02665,IV-011,2026-08-10 13:00,past
AVAIL-02666,IV-011,2026-08-13 13:00,past
AVAIL-02667,IV-011,2026-08-14 13:00,past
AVAIL-02668,IV-011,2026-08-18 09:00,past
AVAIL-02669,IV-011,2026-08-18 16:00,past
AVAIL-02670,IV-011,2026-08-21 09:00,past
AVAIL-02671,IV-011,2026-08-21 13:00,past
AVAIL-02672,IV-011,2026-08-21 14:00,past
AVAIL-02673,IV-011,2026-08-24 09:00,future
AVAIL-02674,IV-011,2026-08-24 10:00,future
AVAIL-02675,IV-011,2026-08-24 11:00,future
AVAIL-02676,IV-011,2026-08-24 13:00,future
AVAIL-02677,IV-011,2026-08-24 14:00,future
AVAIL-02678,IV-011,2026-08-24 15:00,future
AVAIL-02679,IV-011,2026-08-24 16:00,future
AVAIL-02680,IV-011,2026-08-26 09:00,future
AVAIL-02681,IV-011,2026-08-26 10:00,future
AVAIL-02682,IV-011,2026-08-26 11:00,future
AVAIL-02683,IV-011,2026-08-26 14:00,future
AVAIL-02684,IV-011,2026-08-26 15:00,future
AVAIL-02685,IV-011,2026-08-26 16:00,future
AVAIL-02686,IV-011,2026-08-27 09:00,future
AVAIL-02687,IV-011,2026-08-27 10:00,future
AVAIL-02688,IV-011,2026-08-27 13:00,future
AVAIL-02689,IV-011,2026-08-27 14:00,future
AVAIL-02690,IV-011,2026-08-27 15:00,future
AVAIL-02691,IV-011,2026-08-28 09:00,future
AVAIL-02692,IV-011,2026-08-28 10:00,future
AVAIL-02693,IV-011,2026-08-28 11:00,future
AVAIL-02694,IV-011,2026-08-28 14:00,future
AVAIL-02695,IV-011,2026-08-28 15:00,future
AVAIL-02696,IV-011,2026-08-31 09:00,future
AVAIL-02697,IV-011,2026-08-31 10:00,future
AVAIL-02698,IV-011,2026-08-31 11:00,future
AVAIL-02699,IV-011,2026-08-31 14:00,future
AVAIL-02700,IV-011,2026-08-31 15:00,future
AVAIL-02701,IV-011,2026-08-31 16:00,future
AVAIL-02702,IV-011,2026-09-03 09:00,future
AVAIL-02703,IV-011,2026-09-03 10:00,future
AVAIL-02704,IV-011,2026-09-03 11:00,future
AVAIL-02705,IV-011,2026-09-03 13:00,future
AVAIL-02706,IV-011,2026-09-03 14:00,future
AVAIL-02707,IV-011,2026-09-07 09:00,future
AVAIL-02708,IV-011,2026-09-07 10:00,future
AVAIL-02709,IV-011,2026-09-07 13:00,future
AVAIL-02710,IV-011,2026-09-07 14:00,future
AVAIL-02711,IV-011,2026-09-10 09:00,future
AVAIL-02712,IV-011,2026-09-10 10:00,future
AVAIL-02713,IV-011,2026-09-10 11:00,future
AVAIL-02714,IV-011,2026-09-10 13:00,future
AVAIL-02715,IV-011,2026-09-10 14:00,future
AVAIL-02716,IV-011,2026-09-10 15:00,future
AVAIL-02717,IV-011,2026-09-10 16:00,future
AVAIL-02718,IV-011,2026-09-14 11:00,future
AVAIL-02719,IV-011,2026-09-14 14:00,future
AVAIL-02720,IV-011,2026-09-14 15:00,future
AVAIL-02721,IV-011,2026-09-14 16:00,future
AVAIL-02722,IV-011,2026-09-15 09:00,future
AVAIL-02723,IV-011,2026-09-15 10:00,future
AVAIL-02724,IV-011,2026-09-15 11:00,future
AVAIL-02725,IV-011,2026-09-15 13:00,future
AVAIL-02726,IV-011,2026-09-15 14:00,future
AVAIL-02727,IV-011,2026-09-15 15:00,future
AVAIL-02728,IV-011,2026-09-15 16:00,future
AVAIL-02729,IV-011,2026-09-16 09:00,future
AVAIL-02730,IV-011,2026-09-16 10:00,future
AVAIL-02731,IV-011,2026-09-16 11:00,future
AVAIL-02732,IV-011,2026-09-16 14:00,future
AVAIL-02733,IV-011,2026-09-16 15:00,future
AVAIL-02734,IV-011,2026-09-16 16:00,future
AVAIL-02735,IV-011,2026-09-17 09:00,future
AVAIL-02736,IV-011,2026-09-17 10:00,future
AVAIL-02737,IV-011,2026-09-17 11:00,future
AVAIL-02738,IV-011,2026-09-17 13:00,future
AVAIL-02739,IV-011,2026-09-17 15:00,future
AVAIL-02740,IV-011,2026-09-17 16:00,future
AVAIL-02741,IV-011,2026-09-22 09:00,future
AVAIL-02742,IV-011,2026-09-22 11:00,future
AVAIL-02743,IV-011,2026-09-22 13:00,future
AVAIL-02744,IV-011,2026-09-22 14:00,future
AVAIL-02745,IV-011,2026-09-22 15:00,future
AVAIL-02746,IV-011,2026-09-22 16:00,future
AVAIL-02747,IV-011,2026-09-23 09:00,future
AVAIL-02748,IV-011,2026-09-23 11:00,future
AVAIL-02749,IV-011,2026-09-23 13:00,future
AVAIL-02750,IV-011,2026-09-23 14:00,future
AVAIL-02751,IV-011,2026-09-23 15:00,future
AVAIL-02752,IV-011,2026-09-23 16:00,future
AVAIL-02753,IV-011,2026-09-24 09:00,future
AVAIL-02754,IV-011,2026-09-24 10:00,future
AVAIL-02755,IV-011,2026-09-24 13:00,future
AVAIL-02756,IV-011,2026-09-24 15:00,future
AVAIL-02757,IV-011,2026-09-24 16:00,future
AVAIL-02758,IV-011,2026-09-25 09:00,future
AVAIL-02759,IV-011,2026-09-25 10:00,future
AVAIL-02760,IV-011,2026-09-25 11:00,future
AVAIL-02761,IV-011,2026-09-25 13:00,future
AVAIL-02762,IV-011,2026-09-25 15:00,future
AVAIL-02763,IV-011,2026-09-25 16:00,future
AVAIL-02764,IV-011,2026-09-28 09:00,future
AVAIL-02765,IV-011,2026-09-28 10:00,future
AVAIL-02766,IV-011,2026-09-28 14:00,future
AVAIL-02767,IV-011,2026-09-28 15:00,future
AVAIL-02768,IV-011,2026-09-28 16:00,future
AVAIL-02769,IV-011,2026-09-29 09:00,future
AVAIL-02770,IV-011,2026-09-29 10:00,future
AVAIL-02771,IV-011,2026-09-29 11:00,future
AVAIL-02772,IV-011,2026-09-29 13:00,future
AVAIL-02773,IV-011,2026-09-29 14:00,future
AVAIL-02774,IV-011,2026-09-29 15:00,future
AVAIL-02775,IV-011,2026-09-29 16:00,future
AVAIL-02776,IV-011,2026-10-01 09:00,future
AVAIL-02777,IV-011,2026-10-01 10:00,future
AVAIL-02778,IV-011,2026-10-01 11:00,future
AVAIL-02779,IV-011,2026-10-01 13:00,future
AVAIL-02780,IV-011,2026-10-01 14:00,future
AVAIL-02781,IV-011,2026-10-01 15:00,future
AVAIL-02782,IV-011,2026-10-01 16:00,future
AVAIL-02783,IV-011,2026-10-07 09:00,future
AVAIL-02784,IV-011,2026-10-07 10:00,future
AVAIL-02785,IV-011,2026-10-07 11:00,future
AVAIL-02786,IV-011,2026-10-07 13:00,future
AVAIL-02787,IV-011,2026-10-07 14:00,future
AVAIL-02788,IV-011,2026-10-07 15:00,future
AVAIL-02789,IV-011,2026-10-08 09:00,future
AVAIL-02790,IV-011,2026-10-08 10:00,future
AVAIL-02791,IV-011,2026-10-08 13:00,future
AVAIL-02792,IV-011,2026-10-08 14:00,future
AVAIL-02793,IV-011,2026-10-08 16:00,future
AVAIL-02794,IV-011,2026-10-09 09:00,future
AVAIL-02795,IV-011,2026-10-09 10:00,future
AVAIL-02796,IV-011,2026-10-09 11:00,future
AVAIL-02797,IV-011,2026-10-09 13:00,future
AVAIL-02798,IV-011,2026-10-09 14:00,future
AVAIL-02799,IV-011,2026-10-09 15:00,future
AVAIL-02800,IV-011,2026-10-12 10:00,future
AVAIL-02801,IV-011,2026-10-12 11:00,future
AVAIL-02802,IV-011,2026-10-12 13:00,future
AVAIL-02803,IV-011,2026-10-12 14:00,future
AVAIL-02804,IV-011,2026-10-12 15:00,future
AVAIL-02805,IV-011,2026-10-12 16:00,future
AVAIL-02806,IV-011,2026-10-14 09:00,future
AVAIL-02807,IV-011,2026-10-14 10:00,future
AVAIL-02808,IV-011,2026-10-14 11:00,future
AVAIL-02809,IV-011,2026-10-14 13:00,future
AVAIL-02810,IV-011,2026-10-14 14:00,future
AVAIL-02811,IV-011,2026-10-14 16:00,future
AVAIL-02812,IV-011,2026-10-15 09:00,future
AVAIL-02813,IV-011,2026-10-15 10:00,future
AVAIL-02814,IV-011,2026-10-15 11:00,future
AVAIL-02815,IV-011,2026-10-15 14:00,future
AVAIL-02816,IV-011,2026-10-16 09:00,future
AVAIL-02817,IV-011,2026-10-16 10:00,future
AVAIL-02818,IV-011,2026-10-16 11:00,future
AVAIL-02819,IV-011,2026-10-16 13:00,future
AVAIL-02820,IV-011,2026-10-16 14:00,future
AVAIL-02821,IV-011,2026-10-16 15:00,future
AVAIL-02822,IV-011,2026-10-16 16:00,future
AVAIL-02823,IV-011,2026-10-19 09:00,future
AVAIL-02824,IV-011,2026-10-19 10:00,future
AVAIL-02825,IV-011,2026-10-19 11:00,future
AVAIL-02826,IV-011,2026-10-19 13:00,future
AVAIL-02827,IV-011,2026-10-19 14:00,future
AVAIL-02828,IV-011,2026-10-19 15:00,future
AVAIL-02829,IV-011,2026-10-20 09:00,future
AVAIL-02830,IV-011,2026-10-20 10:00,future
AVAIL-02831,IV-011,2026-10-20 11:00,future
AVAIL-02832,IV-011,2026-10-20 13:00,future
AVAIL-02833,IV-011,2026-10-20 14:00,future
AVAIL-02834,IV-011,2026-10-20 16:00,future
AVAIL-02835,IV-011,2026-10-21 09:00,future
AVAIL-02836,IV-011,2026-10-21 10:00,future
AVAIL-02837,IV-011,2026-10-21 11:00,future
AVAIL-02838,IV-011,2026-10-21 13:00,future
AVAIL-02839,IV-011,2026-10-21 14:00,future
AVAIL-02840,IV-011,2026-10-21 15:00,future
AVAIL-02841,IV-011,2026-10-21 16:00,future
AVAIL-02842,IV-011,2026-10-22 09:00,future
AVAIL-02843,IV-011,2026-10-22 10:00,future
AVAIL-02844,IV-011,2026-10-22 11:00,future
AVAIL-02845,IV-011,2026-10-22 13:00,future
AVAIL-02846,IV-011,2026-10-22 16:00,future
AVAIL-02847,IV-011,2026-10-23 09:00,future
AVAIL-02848,IV-011,2026-10-23 10:00,future
AVAIL-02849,IV-011,2026-10-23 11:00,future
AVAIL-02850,IV-011,2026-10-23 13:00,future
AVAIL-02851,IV-011,2026-10-23 14:00,future
AVAIL-02852,IV-011,2026-10-23 15:00,future
AVAIL-02853,IV-011,2026-10-26 09:00,future
AVAIL-02854,IV-011,2026-10-26 10:00,future
AVAIL-02855,IV-011,2026-10-26 11:00,future
AVAIL-02856,IV-011,2026-10-26 13:00,future
AVAIL-02857,IV-011,2026-10-26 14:00,future
AVAIL-02858,IV-011,2026-10-28 09:00,future
AVAIL-02859,IV-011,2026-10-28 10:00,future
AVAIL-02860,IV-011,2026-10-28 11:00,future
AVAIL-02861,IV-011,2026-10-28 13:00,future
AVAIL-02862,IV-011,2026-10-28 14:00,future
AVAIL-02863,IV-011,2026-10-28 15:00,future
AVAIL-02864,IV-011,2026-10-28 16:00,future
AVAIL-02865,IV-011,2026-10-29 09:00,future
AVAIL-02866,IV-011,2026-10-29 10:00,future
AVAIL-02867,IV-011,2026-10-29 13:00,future
AVAIL-02868,IV-011,2026-10-29 14:00,future
AVAIL-02869,IV-011,2026-10-29 15:00,future
AVAIL-02870,IV-011,2026-10-29 16:00,future
AVAIL-02871,IV-011,2026-10-30 09:00,future
AVAIL-02872,IV-011,2026-10-30 10:00,future
AVAIL-02873,IV-011,2026-10-30 11:00,future
AVAIL-02874,IV-011,2026-10-30 13:00,future
AVAIL-02875,IV-011,2026-10-30 14:00,future
AVAIL-02876,IV-011,2026-10-30 15:00,future
AVAIL-02877,IV-011,2026-10-30 16:00,future
AVAIL-02878,IV-011,2026-11-05 09:00,future
AVAIL-02879,IV-011,2026-11-05 10:00,future
AVAIL-02880,IV-011,2026-11-05 11:00,future
AVAIL-02881,IV-011,2026-11-05 13:00,future
AVAIL-02882,IV-011,2026-11-05 14:00,future
AVAIL-02883,IV-011,2026-11-05 15:00,future
AVAIL-02884,IV-011,2026-11-05 16:00,future
AVAIL-02885,IV-011,2026-11-06 09:00,future
AVAIL-02886,IV-011,2026-11-06 10:00,future
AVAIL-02887,IV-011,2026-11-06 11:00,future
AVAIL-02888,IV-011,2026-11-06 13:00,future
AVAIL-02889,IV-011,2026-11-06 14:00,future
AVAIL-02890,IV-011,2026-11-06 15:00,future
AVAIL-02891,IV-011,2026-11-06 16:00,future
AVAIL-02892,IV-011,2026-11-09 09:00,future
AVAIL-02893,IV-011,2026-11-09 10:00,future
AVAIL-02894,IV-011,2026-11-09 11:00,future
AVAIL-02895,IV-011,2026-11-09 13:00,future
AVAIL-02896,IV-011,2026-11-09 14:00,future
AVAIL-02897,IV-011,2026-11-09 15:00,future
AVAIL-02898,IV-011,2026-11-09 16:00,future
AVAIL-02899,IV-011,2026-11-10 09:00,future
AVAIL-02900,IV-011,2026-11-10 10:00,future
AVAIL-02901,IV-011,2026-11-10 11:00,future
AVAIL-02902,IV-011,2026-11-10 13:00,future
AVAIL-02903,IV-011,2026-11-10 14:00,future
AVAIL-02904,IV-011,2026-11-10 15:00,future
AVAIL-02905,IV-011,2026-11-10 16:00,future
AVAIL-02906,IV-011,2026-11-12 10:00,future
AVAIL-02907,IV-011,2026-11-12 11:00,future
AVAIL-02908,IV-011,2026-11-12 13:00,future
AVAIL-02909,IV-011,2026-11-12 14:00,future
AVAIL-02910,IV-011,2026-11-12 15:00,future
AVAIL-02911,IV-011,2026-11-12 16:00,future
AVAIL-02912,IV-011,2026-11-13 09:00,future
AVAIL-02913,IV-011,2026-11-13 10:00,future
AVAIL-02914,IV-011,2026-11-13 11:00,future
AVAIL-02915,IV-011,2026-11-13 13:00,future
AVAIL-02916,IV-011,2026-11-13 15:00,future
AVAIL-02917,IV-011,2026-11-13 16:00,future
AVAIL-02918,IV-011,2026-11-16 10:00,future
AVAIL-02919,IV-011,2026-11-16 11:00,future
AVAIL-02920,IV-011,2026-11-16 13:00,future
AVAIL-02921,IV-011,2026-11-16 14:00,future
AVAIL-02922,IV-011,2026-11-16 15:00,future
AVAIL-02923,IV-011,2026-11-16 16:00,future
AVAIL-02924,IV-011,2026-11-19 09:00,future
AVAIL-02925,IV-011,2026-11-19 10:00,future
AVAIL-02926,IV-011,2026-11-19 11:00,future
AVAIL-02927,IV-011,2026-11-19 13:00,future
AVAIL-02928,IV-011,2026-11-19 14:00,future
AVAIL-02929,IV-011,2026-11-19 15:00,future
AVAIL-02930,IV-012,2026-07-27 10:00,past
AVAIL-02931,IV-012,2026-07-27 14:00,past
AVAIL-02932,IV-012,2026-07-27 15:00,past
AVAIL-02933,IV-012,2026-08-03 10:00,past
AVAIL-02934,IV-012,2026-08-06 11:00,past
AVAIL-02935,IV-012,2026-08-06 15:00,past
AVAIL-02936,IV-012,2026-08-07 09:00,past
AVAIL-02937,IV-012,2026-08-07 15:00,past
AVAIL-02938,IV-012,2026-08-07 16:00,past
AVAIL-02939,IV-012,2026-08-10 09:00,past
AVAIL-02940,IV-012,2026-08-10 14:00,past
AVAIL-02941,IV-012,2026-08-10 16:00,past
AVAIL-02942,IV-012,2026-08-14 13:00,past
AVAIL-02943,IV-012,2026-08-18 15:00,past
AVAIL-02944,IV-012,2026-08-20 13:00,past
AVAIL-02945,IV-012,2026-08-20 16:00,past
AVAIL-02946,IV-012,2026-08-21 10:00,past
AVAIL-02947,IV-012,2026-08-21 15:00,past
AVAIL-02948,IV-012,2026-08-21 16:00,past
AVAIL-02949,IV-012,2026-08-26 09:00,future
AVAIL-02950,IV-012,2026-08-26 10:00,future
AVAIL-02951,IV-012,2026-08-26 11:00,future
AVAIL-02952,IV-012,2026-08-26 13:00,future
AVAIL-02953,IV-012,2026-08-26 14:00,future
AVAIL-02954,IV-012,2026-08-26 15:00,future
AVAIL-02955,IV-012,2026-08-26 16:00,future
AVAIL-02956,IV-012,2026-08-28 09:00,future
AVAIL-02957,IV-012,2026-08-28 10:00,future
AVAIL-02958,IV-012,2026-08-28 11:00,future
AVAIL-02959,IV-012,2026-08-28 14:00,future
AVAIL-02960,IV-012,2026-08-28 15:00,future
AVAIL-02961,IV-012,2026-08-28 16:00,future
AVAIL-02962,IV-012,2026-08-31 09:00,future
AVAIL-02963,IV-012,2026-08-31 10:00,future
AVAIL-02964,IV-012,2026-08-31 11:00,future
AVAIL-02965,IV-012,2026-08-31 14:00,future
AVAIL-02966,IV-012,2026-08-31 15:00,future
AVAIL-02967,IV-012,2026-08-31 16:00,future
AVAIL-02968,IV-012,2026-09-03 09:00,future
AVAIL-02969,IV-012,2026-09-03 10:00,future
AVAIL-02970,IV-012,2026-09-03 11:00,future
AVAIL-02971,IV-012,2026-09-03 13:00,future
AVAIL-02972,IV-012,2026-09-03 14:00,future
AVAIL-02973,IV-012,2026-09-03 15:00,future
AVAIL-02974,IV-012,2026-09-07 09:00,future
AVAIL-02975,IV-012,2026-09-07 11:00,future
AVAIL-02976,IV-012,2026-09-07 13:00,future
AVAIL-02977,IV-012,2026-09-07 14:00,future
AVAIL-02978,IV-012,2026-09-07 15:00,future
AVAIL-02979,IV-012,2026-09-07 16:00,future
AVAIL-02980,IV-012,2026-09-08 09:00,future
AVAIL-02981,IV-012,2026-09-08 10:00,future
AVAIL-02982,IV-012,2026-09-08 11:00,future
AVAIL-02983,IV-012,2026-09-08 13:00,future
AVAIL-02984,IV-012,2026-09-08 14:00,future
AVAIL-02985,IV-012,2026-09-08 16:00,future
AVAIL-02986,IV-012,2026-09-10 09:00,future
AVAIL-02987,IV-012,2026-09-10 10:00,future
AVAIL-02988,IV-012,2026-09-10 11:00,future
AVAIL-02989,IV-012,2026-09-10 13:00,future
AVAIL-02990,IV-012,2026-09-10 14:00,future
AVAIL-02991,IV-012,2026-09-10 15:00,future
AVAIL-02992,IV-012,2026-09-10 16:00,future
AVAIL-02993,IV-012,2026-09-14 09:00,future
AVAIL-02994,IV-012,2026-09-14 11:00,future
AVAIL-02995,IV-012,2026-09-14 13:00,future
AVAIL-02996,IV-012,2026-09-14 14:00,future
AVAIL-02997,IV-012,2026-09-14 15:00,future
AVAIL-02998,IV-012,2026-09-14 16:00,future
AVAIL-02999,IV-012,2026-09-16 09:00,future
AVAIL-03000,IV-012,2026-09-16 10:00,future
AVAIL-03001,IV-012,2026-09-16 11:00,future
AVAIL-03002,IV-012,2026-09-16 13:00,future
AVAIL-03003,IV-012,2026-09-16 14:00,future
AVAIL-03004,IV-012,2026-09-16 16:00,future
AVAIL-03005,IV-012,2026-09-18 09:00,future
AVAIL-03006,IV-012,2026-09-18 10:00,future
AVAIL-03007,IV-012,2026-09-18 11:00,future
AVAIL-03008,IV-012,2026-09-18 14:00,future
AVAIL-03009,IV-012,2026-09-18 16:00,future
AVAIL-03010,IV-012,2026-09-21 09:00,future
AVAIL-03011,IV-012,2026-09-21 10:00,future
AVAIL-03012,IV-012,2026-09-21 11:00,future
AVAIL-03013,IV-012,2026-09-21 13:00,future
AVAIL-03014,IV-012,2026-09-21 14:00,future
AVAIL-03015,IV-012,2026-09-21 16:00,future
AVAIL-03016,IV-012,2026-09-22 09:00,future
AVAIL-03017,IV-012,2026-09-22 10:00,future
AVAIL-03018,IV-012,2026-09-22 11:00,future
AVAIL-03019,IV-012,2026-09-22 13:00,future
AVAIL-03020,IV-012,2026-09-22 14:00,future
AVAIL-03021,IV-012,2026-09-22 15:00,future
AVAIL-03022,IV-012,2026-09-22 16:00,future
AVAIL-03023,IV-012,2026-09-23 09:00,future
AVAIL-03024,IV-012,2026-09-23 10:00,future
AVAIL-03025,IV-012,2026-09-23 11:00,future
AVAIL-03026,IV-012,2026-09-23 13:00,future
AVAIL-03027,IV-012,2026-09-23 14:00,future
AVAIL-03028,IV-012,2026-09-23 16:00,future
AVAIL-03029,IV-012,2026-09-24 09:00,future
AVAIL-03030,IV-012,2026-09-24 10:00,future
AVAIL-03031,IV-012,2026-09-24 11:00,future
AVAIL-03032,IV-012,2026-09-24 14:00,future
AVAIL-03033,IV-012,2026-09-24 16:00,future
AVAIL-03034,IV-012,2026-09-28 09:00,future
AVAIL-03035,IV-012,2026-09-28 10:00,future
AVAIL-03036,IV-012,2026-09-28 13:00,future
AVAIL-03037,IV-012,2026-09-28 14:00,future
AVAIL-03038,IV-012,2026-09-28 15:00,future
AVAIL-03039,IV-012,2026-09-28 16:00,future
AVAIL-03040,IV-012,2026-09-29 09:00,future
AVAIL-03041,IV-012,2026-09-29 10:00,future
AVAIL-03042,IV-012,2026-09-29 11:00,future
AVAIL-03043,IV-012,2026-09-29 13:00,future
AVAIL-03044,IV-012,2026-09-29 14:00,future
AVAIL-03045,IV-012,2026-09-29 15:00,future
AVAIL-03046,IV-012,2026-09-29 16:00,future
AVAIL-03047,IV-012,2026-10-02 10:00,future
AVAIL-03048,IV-012,2026-10-02 11:00,future
AVAIL-03049,IV-012,2026-10-02 13:00,future
AVAIL-03050,IV-012,2026-10-02 14:00,future
AVAIL-03051,IV-012,2026-10-02 15:00,future
AVAIL-03052,IV-012,2026-10-02 16:00,future
AVAIL-03053,IV-012,2026-10-12 09:00,future
AVAIL-03054,IV-012,2026-10-12 10:00,future
AVAIL-03055,IV-012,2026-10-12 13:00,future
AVAIL-03056,IV-012,2026-10-12 14:00,future
AVAIL-03057,IV-012,2026-10-12 15:00,future
AVAIL-03058,IV-012,2026-10-12 16:00,future
AVAIL-03059,IV-012,2026-10-13 09:00,future
AVAIL-03060,IV-012,2026-10-13 10:00,future
AVAIL-03061,IV-012,2026-10-13 11:00,future
AVAIL-03062,IV-012,2026-10-13 13:00,future
AVAIL-03063,IV-012,2026-10-13 14:00,future
AVAIL-03064,IV-012,2026-10-13 15:00,future
AVAIL-03065,IV-012,2026-10-13 16:00,future
AVAIL-03066,IV-012,2026-10-14 09:00,future
AVAIL-03067,IV-012,2026-10-14 10:00,future
AVAIL-03068,IV-012,2026-10-14 13:00,future
AVAIL-03069,IV-012,2026-10-14 14:00,future
AVAIL-03070,IV-012,2026-10-14 15:00,future
AVAIL-03071,IV-012,2026-10-14 16:00,future
AVAIL-03072,IV-012,2026-10-15 09:00,future
AVAIL-03073,IV-012,2026-10-15 10:00,future
AVAIL-03074,IV-012,2026-10-15 11:00,future
AVAIL-03075,IV-012,2026-10-15 13:00,future
AVAIL-03076,IV-012,2026-10-15 14:00,future
AVAIL-03077,IV-012,2026-10-15 15:00,future
AVAIL-03078,IV-012,2026-10-15 16:00,future
AVAIL-03079,IV-012,2026-10-16 09:00,future
AVAIL-03080,IV-012,2026-10-16 10:00,future
AVAIL-03081,IV-012,2026-10-16 11:00,future
AVAIL-03082,IV-012,2026-10-16 14:00,future
AVAIL-03083,IV-012,2026-10-16 15:00,future
AVAIL-03084,IV-012,2026-10-16 16:00,future
AVAIL-03085,IV-012,2026-10-20 09:00,future
AVAIL-03086,IV-012,2026-10-20 10:00,future
AVAIL-03087,IV-012,2026-10-20 11:00,future
AVAIL-03088,IV-012,2026-10-20 13:00,future
AVAIL-03089,IV-012,2026-10-20 14:00,future
AVAIL-03090,IV-012,2026-10-20 15:00,future
AVAIL-03091,IV-012,2026-10-20 16:00,future
AVAIL-03092,IV-012,2026-10-22 09:00,future
AVAIL-03093,IV-012,2026-10-22 10:00,future
AVAIL-03094,IV-012,2026-10-22 11:00,future
AVAIL-03095,IV-012,2026-10-22 13:00,future
AVAIL-03096,IV-012,2026-10-22 14:00,future
AVAIL-03097,IV-012,2026-10-22 15:00,future
AVAIL-03098,IV-012,2026-10-22 16:00,future
AVAIL-03099,IV-012,2026-10-29 09:00,future
AVAIL-03100,IV-012,2026-10-29 10:00,future
AVAIL-03101,IV-012,2026-10-29 11:00,future
AVAIL-03102,IV-012,2026-10-29 13:00,future
AVAIL-03103,IV-012,2026-10-29 14:00,future
AVAIL-03104,IV-012,2026-10-29 15:00,future
AVAIL-03105,IV-012,2026-10-30 09:00,future
AVAIL-03106,IV-012,2026-10-30 10:00,future
AVAIL-03107,IV-012,2026-10-30 11:00,future
AVAIL-03108,IV-012,2026-10-30 13:00,future
AVAIL-03109,IV-012,2026-10-30 14:00,future
AVAIL-03110,IV-012,2026-10-30 15:00,future
AVAIL-03111,IV-012,2026-10-30 16:00,future
AVAIL-03112,IV-012,2026-11-02 09:00,future
AVAIL-03113,IV-012,2026-11-02 10:00,future
AVAIL-03114,IV-012,2026-11-02 11:00,future
AVAIL-03115,IV-012,2026-11-02 13:00,future
AVAIL-03116,IV-012,2026-11-02 14:00,future
AVAIL-03117,IV-012,2026-11-02 15:00,future
AVAIL-03118,IV-012,2026-11-02 16:00,future
AVAIL-03119,IV-012,2026-11-04 09:00,future
AVAIL-03120,IV-012,2026-11-04 10:00,future
AVAIL-03121,IV-012,2026-11-04 11:00,future
AVAIL-03122,IV-012,2026-11-04 13:00,future
AVAIL-03123,IV-012,2026-11-04 15:00,future
AVAIL-03124,IV-012,2026-11-04 16:00,future
AVAIL-03125,IV-012,2026-11-06 09:00,future
AVAIL-03126,IV-012,2026-11-06 10:00,future
AVAIL-03127,IV-012,2026-11-06 11:00,future
AVAIL-03128,IV-012,2026-11-06 13:00,future
AVAIL-03129,IV-012,2026-11-06 14:00,future
AVAIL-03130,IV-012,2026-11-06 15:00,future
AVAIL-03131,IV-012,2026-11-06 16:00,future
AVAIL-03132,IV-012,2026-11-10 09:00,future
AVAIL-03133,IV-012,2026-11-10 11:00,future
AVAIL-03134,IV-012,2026-11-10 13:00,future
AVAIL-03135,IV-012,2026-11-10 14:00,future
AVAIL-03136,IV-012,2026-11-10 15:00,future
AVAIL-03137,IV-012,2026-11-10 16:00,future
AVAIL-03138,IV-012,2026-11-12 09:00,future
AVAIL-03139,IV-012,2026-11-12 10:00,future
AVAIL-03140,IV-012,2026-11-12 11:00,future
AVAIL-03141,IV-012,2026-11-12 13:00,future
AVAIL-03142,IV-012,2026-11-12 14:00,future
AVAIL-03143,IV-012,2026-11-12 15:00,future
AVAIL-03144,IV-012,2026-11-12 16:00,future
AVAIL-03145,IV-012,2026-11-17 09:00,future
AVAIL-03146,IV-012,2026-11-17 10:00,future
AVAIL-03147,IV-012,2026-11-17 11:00,future
AVAIL-03148,IV-012,2026-11-17 13:00,future
AVAIL-03149,IV-012,2026-11-17 14:00,future
AVAIL-03150,IV-012,2026-11-17 15:00,future
AVAIL-03151,IV-012,2026-11-17 16:00,future
AVAIL-03152,IV-012,2026-11-18 09:00,future
AVAIL-03153,IV-012,2026-11-18 10:00,future
AVAIL-03154,IV-012,2026-11-18 11:00,future
AVAIL-03155,IV-012,2026-11-18 13:00,future
AVAIL-03156,IV-012,2026-11-18 14:00,future
AVAIL-03157,IV-012,2026-11-18 15:00,future
AVAIL-03158,IV-012,2026-11-18 16:00,future
AVAIL-03159,IV-013,2026-07-24 10:00,past
AVAIL-03160,IV-013,2026-07-24 11:00,past
AVAIL-03161,IV-013,2026-07-24 16:00,past
AVAIL-03162,IV-013,2026-07-27 14:00,past
AVAIL-03163,IV-013,2026-07-27 15:00,past
AVAIL-03164,IV-013,2026-07-28 10:00,past
AVAIL-03165,IV-013,2026-07-29 10:00,past
AVAIL-03166,IV-013,2026-07-29 15:00,past
AVAIL-03167,IV-013,2026-07-30 09:00,past
AVAIL-03168,IV-013,2026-07-30 10:00,past
AVAIL-03169,IV-013,2026-08-03 09:00,past
AVAIL-03170,IV-013,2026-08-03 10:00,past
AVAIL-03171,IV-013,2026-08-03 11:00,past
AVAIL-03172,IV-013,2026-08-03 13:00,past
AVAIL-03173,IV-013,2026-08-03 14:00,past
AVAIL-03174,IV-013,2026-08-05 15:00,past
AVAIL-03175,IV-013,2026-08-06 09:00,past
AVAIL-03176,IV-013,2026-08-06 10:00,past
AVAIL-03177,IV-013,2026-08-06 11:00,past
AVAIL-03178,IV-013,2026-08-07 15:00,past
AVAIL-03179,IV-013,2026-08-07 16:00,past
AVAIL-03180,IV-013,2026-08-10 10:00,past
AVAIL-03181,IV-013,2026-08-10 11:00,past
AVAIL-03182,IV-013,2026-08-10 14:00,past
AVAIL-03183,IV-013,2026-08-10 16:00,past
AVAIL-03184,IV-013,2026-08-11 10:00,past
AVAIL-03185,IV-013,2026-08-11 14:00,past
AVAIL-03186,IV-013,2026-08-11 15:00,past
AVAIL-03187,IV-013,2026-08-12 14:00,past
AVAIL-03188,IV-013,2026-08-12 15:00,past
AVAIL-03189,IV-013,2026-08-14 13:00,past
AVAIL-03190,IV-013,2026-08-17 10:00,past
AVAIL-03191,IV-013,2026-08-17 11:00,past
AVAIL-03192,IV-013,2026-08-20 09:00,past
AVAIL-03193,IV-013,2026-08-20 16:00,past
AVAIL-03194,IV-013,2026-08-21 09:00,past
AVAIL-03195,IV-013,2026-08-24 10:00,future
AVAIL-03196,IV-013,2026-08-24 11:00,future
AVAIL-03197,IV-013,2026-08-24 13:00,future
AVAIL-03198,IV-013,2026-08-24 14:00,future
AVAIL-03199,IV-013,2026-08-24 15:00,future
AVAIL-03200,IV-013,2026-08-24 16:00,future
AVAIL-03201,IV-013,2026-08-26 09:00,future
AVAIL-03202,IV-013,2026-08-26 10:00,future
AVAIL-03203,IV-013,2026-08-26 11:00,future
AVAIL-03204,IV-013,2026-08-26 13:00,future
AVAIL-03205,IV-013,2026-08-26 15:00,future
AVAIL-03206,IV-013,2026-08-26 16:00,future
AVAIL-03207,IV-013,2026-08-27 09:00,future
AVAIL-03208,IV-013,2026-08-27 10:00,future
AVAIL-03209,IV-013,2026-08-27 13:00,future
AVAIL-03210,IV-013,2026-08-27 14:00,future
AVAIL-03211,IV-013,2026-08-27 15:00,future
AVAIL-03212,IV-013,2026-08-27 16:00,future
AVAIL-03213,IV-013,2026-08-28 09:00,future
AVAIL-03214,IV-013,2026-08-28 10:00,future
AVAIL-03215,IV-013,2026-08-28 13:00,future
AVAIL-03216,IV-013,2026-08-28 14:00,future
AVAIL-03217,IV-013,2026-08-28 15:00,future
AVAIL-03218,IV-013,2026-08-28 16:00,future
AVAIL-03219,IV-013,2026-08-31 09:00,future
AVAIL-03220,IV-013,2026-08-31 10:00,future
AVAIL-03221,IV-013,2026-08-31 11:00,future
AVAIL-03222,IV-013,2026-08-31 13:00,future
AVAIL-03223,IV-013,2026-08-31 14:00,future
AVAIL-03224,IV-013,2026-08-31 15:00,future
AVAIL-03225,IV-013,2026-08-31 16:00,future
AVAIL-03226,IV-013,2026-09-01 09:00,future
AVAIL-03227,IV-013,2026-09-01 10:00,future
AVAIL-03228,IV-013,2026-09-01 11:00,future
AVAIL-03229,IV-013,2026-09-01 14:00,future
AVAIL-03230,IV-013,2026-09-01 15:00,future
AVAIL-03231,IV-013,2026-09-01 16:00,future
AVAIL-03232,IV-013,2026-09-02 09:00,future
AVAIL-03233,IV-013,2026-09-02 10:00,future
AVAIL-03234,IV-013,2026-09-02 11:00,future
AVAIL-03235,IV-013,2026-09-02 13:00,future
AVAIL-03236,IV-013,2026-09-02 14:00,future
AVAIL-03237,IV-013,2026-09-02 15:00,future
AVAIL-03238,IV-013,2026-09-02 16:00,future
AVAIL-03239,IV-013,2026-09-03 09:00,future
AVAIL-03240,IV-013,2026-09-03 11:00,future
AVAIL-03241,IV-013,2026-09-03 13:00,future
AVAIL-03242,IV-013,2026-09-03 14:00,future
AVAIL-03243,IV-013,2026-09-03 15:00,future
AVAIL-03244,IV-013,2026-09-03 16:00,future
AVAIL-03245,IV-013,2026-09-04 09:00,future
AVAIL-03246,IV-013,2026-09-04 10:00,future
AVAIL-03247,IV-013,2026-09-04 11:00,future
AVAIL-03248,IV-013,2026-09-04 13:00,future
AVAIL-03249,IV-013,2026-09-04 14:00,future
AVAIL-03250,IV-013,2026-09-04 15:00,future
AVAIL-03251,IV-013,2026-09-04 16:00,future
AVAIL-03252,IV-013,2026-09-07 09:00,future
AVAIL-03253,IV-013,2026-09-07 10:00,future
AVAIL-03254,IV-013,2026-09-07 11:00,future
AVAIL-03255,IV-013,2026-09-07 13:00,future
AVAIL-03256,IV-013,2026-09-07 14:00,future
AVAIL-03257,IV-013,2026-09-07 15:00,future
AVAIL-03258,IV-013,2026-09-07 16:00,future
AVAIL-03259,IV-013,2026-09-08 10:00,future
AVAIL-03260,IV-013,2026-09-08 11:00,future
AVAIL-03261,IV-013,2026-09-08 13:00,future
AVAIL-03262,IV-013,2026-09-08 14:00,future
AVAIL-03263,IV-013,2026-09-08 16:00,future
AVAIL-03264,IV-013,2026-09-09 09:00,future
AVAIL-03265,IV-013,2026-09-09 10:00,future
AVAIL-03266,IV-013,2026-09-09 11:00,future
AVAIL-03267,IV-013,2026-09-09 14:00,future
AVAIL-03268,IV-013,2026-09-09 15:00,future
AVAIL-03269,IV-013,2026-09-09 16:00,future
AVAIL-03270,IV-013,2026-09-11 09:00,future
AVAIL-03271,IV-013,2026-09-11 10:00,future
AVAIL-03272,IV-013,2026-09-11 11:00,future
AVAIL-03273,IV-013,2026-09-11 13:00,future
AVAIL-03274,IV-013,2026-09-11 14:00,future
AVAIL-03275,IV-013,2026-09-11 15:00,future
AVAIL-03276,IV-013,2026-09-11 16:00,future
AVAIL-03277,IV-013,2026-09-15 09:00,future
AVAIL-03278,IV-013,2026-09-15 10:00,future
AVAIL-03279,IV-013,2026-09-15 11:00,future
AVAIL-03280,IV-013,2026-09-15 13:00,future
AVAIL-03281,IV-013,2026-09-15 15:00,future
AVAIL-03282,IV-013,2026-09-15 16:00,future
AVAIL-03283,IV-013,2026-09-16 09:00,future
AVAIL-03284,IV-013,2026-09-16 10:00,future
AVAIL-03285,IV-013,2026-09-16 13:00,future
AVAIL-03286,IV-013,2026-09-16 14:00,future
AVAIL-03287,IV-013,2026-09-16 15:00,future
AVAIL-03288,IV-013,2026-09-16 16:00,future
AVAIL-03289,IV-013,2026-09-17 09:00,future
AVAIL-03290,IV-013,2026-09-17 10:00,future
AVAIL-03291,IV-013,2026-09-17 11:00,future
AVAIL-03292,IV-013,2026-09-17 13:00,future
AVAIL-03293,IV-013,2026-09-17 14:00,future
AVAIL-03294,IV-013,2026-09-17 15:00,future
AVAIL-03295,IV-013,2026-09-17 16:00,future
AVAIL-03296,IV-013,2026-09-18 09:00,future
AVAIL-03297,IV-013,2026-09-18 10:00,future
AVAIL-03298,IV-013,2026-09-18 11:00,future
AVAIL-03299,IV-013,2026-09-18 13:00,future
AVAIL-03300,IV-013,2026-09-18 14:00,future
AVAIL-03301,IV-013,2026-09-18 15:00,future
AVAIL-03302,IV-013,2026-09-18 16:00,future
AVAIL-03303,IV-013,2026-09-21 09:00,future
AVAIL-03304,IV-013,2026-09-21 10:00,future
AVAIL-03305,IV-013,2026-09-21 11:00,future
AVAIL-03306,IV-013,2026-09-21 14:00,future
AVAIL-03307,IV-013,2026-09-21 15:00,future
AVAIL-03308,IV-013,2026-09-21 16:00,future
AVAIL-03309,IV-013,2026-09-22 09:00,future
AVAIL-03310,IV-013,2026-09-22 10:00,future
AVAIL-03311,IV-013,2026-09-22 11:00,future
AVAIL-03312,IV-013,2026-09-22 13:00,future
AVAIL-03313,IV-013,2026-09-22 14:00,future
AVAIL-03314,IV-013,2026-09-22 15:00,future
AVAIL-03315,IV-013,2026-09-22 16:00,future
AVAIL-03316,IV-013,2026-09-23 09:00,future
AVAIL-03317,IV-013,2026-09-23 10:00,future
AVAIL-03318,IV-013,2026-09-23 11:00,future
AVAIL-03319,IV-013,2026-09-23 14:00,future
AVAIL-03320,IV-013,2026-09-23 15:00,future
AVAIL-03321,IV-013,2026-09-24 09:00,future
AVAIL-03322,IV-013,2026-09-24 10:00,future
AVAIL-03323,IV-013,2026-09-24 11:00,future
AVAIL-03324,IV-013,2026-09-24 13:00,future
AVAIL-03325,IV-013,2026-09-24 14:00,future
AVAIL-03326,IV-013,2026-09-24 15:00,future
AVAIL-03327,IV-013,2026-09-25 09:00,future
AVAIL-03328,IV-013,2026-09-25 10:00,future
AVAIL-03329,IV-013,2026-09-25 11:00,future
AVAIL-03330,IV-013,2026-09-25 13:00,future
AVAIL-03331,IV-013,2026-09-25 14:00,future
AVAIL-03332,IV-013,2026-09-25 15:00,future
AVAIL-03333,IV-013,2026-09-25 16:00,future
AVAIL-03334,IV-013,2026-09-28 09:00,future
AVAIL-03335,IV-013,2026-09-28 10:00,future
AVAIL-03336,IV-013,2026-09-28 11:00,future
AVAIL-03337,IV-013,2026-09-28 13:00,future
AVAIL-03338,IV-013,2026-09-28 14:00,future
AVAIL-03339,IV-013,2026-09-28 15:00,future
AVAIL-03340,IV-013,2026-09-28 16:00,future
AVAIL-03341,IV-013,2026-09-29 09:00,future
AVAIL-03342,IV-013,2026-09-29 11:00,future
AVAIL-03343,IV-013,2026-09-29 13:00,future
AVAIL-03344,IV-013,2026-09-29 14:00,future
AVAIL-03345,IV-013,2026-09-29 15:00,future
AVAIL-03346,IV-013,2026-09-29 16:00,future
AVAIL-03347,IV-013,2026-09-30 09:00,future
AVAIL-03348,IV-013,2026-09-30 10:00,future
AVAIL-03349,IV-013,2026-09-30 11:00,future
AVAIL-03350,IV-013,2026-09-30 13:00,future
AVAIL-03351,IV-013,2026-09-30 14:00,future
AVAIL-03352,IV-013,2026-09-30 15:00,future
AVAIL-03353,IV-013,2026-09-30 16:00,future
AVAIL-03354,IV-013,2026-10-01 09:00,future
AVAIL-03355,IV-013,2026-10-01 10:00,future
AVAIL-03356,IV-013,2026-10-01 13:00,future
AVAIL-03357,IV-013,2026-10-01 14:00,future
AVAIL-03358,IV-013,2026-10-01 15:00,future
AVAIL-03359,IV-013,2026-10-01 16:00,future
AVAIL-03360,IV-013,2026-10-02 09:00,future
AVAIL-03361,IV-013,2026-10-02 10:00,future
AVAIL-03362,IV-013,2026-10-02 11:00,future
AVAIL-03363,IV-013,2026-10-02 13:00,future
AVAIL-03364,IV-013,2026-10-02 14:00,future
AVAIL-03365,IV-013,2026-10-02 15:00,future
AVAIL-03366,IV-013,2026-10-02 16:00,future
AVAIL-03367,IV-013,2026-10-05 09:00,future
AVAIL-03368,IV-013,2026-10-05 10:00,future
AVAIL-03369,IV-013,2026-10-05 11:00,future
AVAIL-03370,IV-013,2026-10-05 13:00,future
AVAIL-03371,IV-013,2026-10-05 14:00,future
AVAIL-03372,IV-013,2026-10-05 15:00,future
AVAIL-03373,IV-013,2026-10-05 16:00,future
AVAIL-03374,IV-013,2026-10-06 09:00,future
AVAIL-03375,IV-013,2026-10-06 10:00,future
AVAIL-03376,IV-013,2026-10-06 11:00,future
AVAIL-03377,IV-013,2026-10-06 13:00,future
AVAIL-03378,IV-013,2026-10-06 14:00,future
AVAIL-03379,IV-013,2026-10-06 15:00,future
AVAIL-03380,IV-013,2026-10-06 16:00,future
AVAIL-03381,IV-013,2026-10-07 09:00,future
AVAIL-03382,IV-013,2026-10-07 10:00,future
AVAIL-03383,IV-013,2026-10-07 11:00,future
AVAIL-03384,IV-013,2026-10-07 13:00,future
AVAIL-03385,IV-013,2026-10-07 14:00,future
AVAIL-03386,IV-013,2026-10-07 15:00,future
AVAIL-03387,IV-013,2026-10-07 16:00,future
AVAIL-03388,IV-013,2026-10-08 10:00,future
AVAIL-03389,IV-013,2026-10-08 11:00,future
AVAIL-03390,IV-013,2026-10-08 13:00,future
AVAIL-03391,IV-013,2026-10-08 14:00,future
AVAIL-03392,IV-013,2026-10-08 16:00,future
AVAIL-03393,IV-013,2026-10-09 09:00,future
AVAIL-03394,IV-013,2026-10-09 10:00,future
AVAIL-03395,IV-013,2026-10-09 11:00,future
AVAIL-03396,IV-013,2026-10-09 14:00,future
AVAIL-03397,IV-013,2026-10-09 15:00,future
AVAIL-03398,IV-013,2026-10-09 16:00,future
AVAIL-03399,IV-013,2026-10-12 09:00,future
AVAIL-03400,IV-013,2026-10-12 10:00,future
AVAIL-03401,IV-013,2026-10-12 11:00,future
AVAIL-03402,IV-013,2026-10-12 13:00,future
AVAIL-03403,IV-013,2026-10-12 14:00,future
AVAIL-03404,IV-013,2026-10-12 15:00,future
AVAIL-03405,IV-013,2026-10-12 16:00,future
AVAIL-03406,IV-013,2026-10-13 09:00,future
AVAIL-03407,IV-013,2026-10-13 13:00,future
AVAIL-03408,IV-013,2026-10-13 14:00,future
AVAIL-03409,IV-013,2026-10-13 15:00,future
AVAIL-03410,IV-013,2026-10-13 16:00,future
AVAIL-03411,IV-013,2026-10-14 09:00,future
AVAIL-03412,IV-013,2026-10-14 10:00,future
AVAIL-03413,IV-013,2026-10-14 11:00,future
AVAIL-03414,IV-013,2026-10-14 13:00,future
AVAIL-03415,IV-013,2026-10-14 14:00,future
AVAIL-03416,IV-013,2026-10-14 15:00,future
AVAIL-03417,IV-013,2026-10-14 16:00,future
AVAIL-03418,IV-013,2026-10-15 09:00,future
AVAIL-03419,IV-013,2026-10-15 10:00,future
AVAIL-03420,IV-013,2026-10-15 11:00,future
AVAIL-03421,IV-013,2026-10-15 13:00,future
AVAIL-03422,IV-013,2026-10-15 14:00,future
AVAIL-03423,IV-013,2026-10-15 15:00,future
AVAIL-03424,IV-013,2026-10-15 16:00,future
AVAIL-03425,IV-013,2026-10-16 09:00,future
AVAIL-03426,IV-013,2026-10-16 10:00,future
AVAIL-03427,IV-013,2026-10-16 11:00,future
AVAIL-03428,IV-013,2026-10-16 13:00,future
AVAIL-03429,IV-013,2026-10-16 14:00,future
AVAIL-03430,IV-013,2026-10-16 15:00,future
AVAIL-03431,IV-013,2026-10-16 16:00,future
AVAIL-03432,IV-013,2026-10-19 09:00,future
AVAIL-03433,IV-013,2026-10-19 10:00,future
AVAIL-03434,IV-013,2026-10-19 11:00,future
AVAIL-03435,IV-013,2026-10-19 13:00,future
AVAIL-03436,IV-013,2026-10-19 14:00,future
AVAIL-03437,IV-013,2026-10-19 15:00,future
AVAIL-03438,IV-013,2026-10-19 16:00,future
AVAIL-03439,IV-013,2026-10-21 10:00,future
AVAIL-03440,IV-013,2026-10-21 11:00,future
AVAIL-03441,IV-013,2026-10-21 15:00,future
AVAIL-03442,IV-013,2026-10-22 09:00,future
AVAIL-03443,IV-013,2026-10-22 10:00,future
AVAIL-03444,IV-013,2026-10-22 11:00,future
AVAIL-03445,IV-013,2026-10-22 13:00,future
AVAIL-03446,IV-013,2026-10-22 14:00,future
AVAIL-03447,IV-013,2026-10-22 16:00,future
AVAIL-03448,IV-013,2026-10-23 09:00,future
AVAIL-03449,IV-013,2026-10-23 10:00,future
AVAIL-03450,IV-013,2026-10-23 11:00,future
AVAIL-03451,IV-013,2026-10-23 13:00,future
AVAIL-03452,IV-013,2026-10-23 14:00,future
AVAIL-03453,IV-013,2026-10-23 15:00,future
AVAIL-03454,IV-013,2026-10-23 16:00,future
AVAIL-03455,IV-013,2026-10-26 09:00,future
AVAIL-03456,IV-013,2026-10-26 11:00,future
AVAIL-03457,IV-013,2026-10-26 13:00,future
AVAIL-03458,IV-013,2026-10-26 14:00,future
AVAIL-03459,IV-013,2026-10-26 15:00,future
AVAIL-03460,IV-013,2026-10-26 16:00,future
AVAIL-03461,IV-013,2026-10-27 09:00,future
AVAIL-03462,IV-013,2026-10-27 10:00,future
AVAIL-03463,IV-013,2026-10-27 11:00,future
AVAIL-03464,IV-013,2026-10-27 13:00,future
AVAIL-03465,IV-013,2026-10-27 14:00,future
AVAIL-03466,IV-013,2026-10-27 15:00,future
AVAIL-03467,IV-013,2026-10-27 16:00,future
AVAIL-03468,IV-013,2026-10-28 09:00,future
AVAIL-03469,IV-013,2026-10-28 10:00,future
AVAIL-03470,IV-013,2026-10-28 11:00,future
AVAIL-03471,IV-013,2026-10-28 13:00,future
AVAIL-03472,IV-013,2026-10-28 14:00,future
AVAIL-03473,IV-013,2026-10-28 15:00,future
AVAIL-03474,IV-013,2026-10-28 16:00,future
AVAIL-03475,IV-013,2026-10-29 09:00,future
AVAIL-03476,IV-013,2026-10-29 11:00,future
AVAIL-03477,IV-013,2026-10-29 13:00,future
AVAIL-03478,IV-013,2026-10-29 15:00,future
AVAIL-03479,IV-013,2026-10-29 16:00,future
AVAIL-03480,IV-013,2026-10-30 09:00,future
AVAIL-03481,IV-013,2026-10-30 10:00,future
AVAIL-03482,IV-013,2026-10-30 11:00,future
AVAIL-03483,IV-013,2026-10-30 13:00,future
AVAIL-03484,IV-013,2026-10-30 14:00,future
AVAIL-03485,IV-013,2026-10-30 15:00,future
AVAIL-03486,IV-013,2026-10-30 16:00,future
AVAIL-03487,IV-013,2026-11-02 09:00,future
AVAIL-03488,IV-013,2026-11-02 10:00,future
AVAIL-03489,IV-013,2026-11-02 11:00,future
AVAIL-03490,IV-013,2026-11-02 13:00,future
AVAIL-03491,IV-013,2026-11-02 14:00,future
AVAIL-03492,IV-013,2026-11-02 15:00,future
AVAIL-03493,IV-013,2026-11-02 16:00,future
AVAIL-03494,IV-013,2026-11-03 09:00,future
AVAIL-03495,IV-013,2026-11-03 10:00,future
AVAIL-03496,IV-013,2026-11-03 11:00,future
AVAIL-03497,IV-013,2026-11-03 13:00,future
AVAIL-03498,IV-013,2026-11-03 14:00,future
AVAIL-03499,IV-013,2026-11-03 15:00,future
AVAIL-03500,IV-013,2026-11-03 16:00,future
AVAIL-03501,IV-013,2026-11-04 09:00,future
AVAIL-03502,IV-013,2026-11-04 10:00,future
AVAIL-03503,IV-013,2026-11-04 11:00,future
AVAIL-03504,IV-013,2026-11-04 13:00,future
AVAIL-03505,IV-013,2026-11-04 14:00,future
AVAIL-03506,IV-013,2026-11-04 15:00,future
AVAIL-03507,IV-013,2026-11-04 16:00,future
AVAIL-03508,IV-013,2026-11-05 09:00,future
AVAIL-03509,IV-013,2026-11-05 10:00,future
AVAIL-03510,IV-013,2026-11-05 11:00,future
AVAIL-03511,IV-013,2026-11-05 13:00,future
AVAIL-03512,IV-013,2026-11-05 14:00,future
AVAIL-03513,IV-013,2026-11-05 15:00,future
AVAIL-03514,IV-013,2026-11-05 16:00,future
AVAIL-03515,IV-013,2026-11-06 09:00,future
AVAIL-03516,IV-013,2026-11-06 10:00,future
AVAIL-03517,IV-013,2026-11-06 11:00,future
AVAIL-03518,IV-013,2026-11-06 13:00,future
AVAIL-03519,IV-013,2026-11-06 14:00,future
AVAIL-03520,IV-013,2026-11-06 16:00,future
AVAIL-03521,IV-013,2026-11-09 09:00,future
AVAIL-03522,IV-013,2026-11-09 10:00,future
AVAIL-03523,IV-013,2026-11-09 11:00,future
AVAIL-03524,IV-013,2026-11-09 13:00,future
AVAIL-03525,IV-013,2026-11-09 14:00,future
AVAIL-03526,IV-013,2026-11-09 16:00,future
AVAIL-03527,IV-013,2026-11-10 09:00,future
AVAIL-03528,IV-013,2026-11-10 10:00,future
AVAIL-03529,IV-013,2026-11-10 13:00,future
AVAIL-03530,IV-013,2026-11-10 14:00,future
AVAIL-03531,IV-013,2026-11-10 15:00,future
AVAIL-03532,IV-013,2026-11-10 16:00,future
AVAIL-03533,IV-013,2026-11-11 09:00,future
AVAIL-03534,IV-013,2026-11-11 10:00,future
AVAIL-03535,IV-013,2026-11-11 13:00,future
AVAIL-03536,IV-013,2026-11-11 14:00,future
AVAIL-03537,IV-013,2026-11-11 15:00,future
AVAIL-03538,IV-013,2026-11-12 09:00,future
AVAIL-03539,IV-013,2026-11-12 10:00,future
AVAIL-03540,IV-013,2026-11-12 11:00,future
AVAIL-03541,IV-013,2026-11-12 14:00,future
AVAIL-03542,IV-013,2026-11-12 15:00,future
AVAIL-03543,IV-013,2026-11-12 16:00,future
AVAIL-03544,IV-013,2026-11-13 10:00,future
AVAIL-03545,IV-013,2026-11-13 11:00,future
AVAIL-03546,IV-013,2026-11-13 13:00,future
AVAIL-03547,IV-013,2026-11-13 14:00,future
AVAIL-03548,IV-013,2026-11-13 15:00,future
AVAIL-03549,IV-013,2026-11-13 16:00,future
AVAIL-03550,IV-013,2026-11-18 09:00,future
AVAIL-03551,IV-013,2026-11-18 11:00,future
AVAIL-03552,IV-013,2026-11-18 13:00,future
AVAIL-03553,IV-013,2026-11-18 14:00,future
AVAIL-03554,IV-013,2026-11-18 15:00,future
AVAIL-03555,IV-013,2026-11-18 16:00,future
AVAIL-03556,IV-013,2026-11-19 09:00,future
AVAIL-03557,IV-013,2026-11-19 10:00,future
AVAIL-03558,IV-013,2026-11-19 11:00,future
AVAIL-03559,IV-013,2026-11-19 13:00,future
AVAIL-03560,IV-013,2026-11-19 14:00,future
AVAIL-03561,IV-013,2026-11-19 15:00,future
AVAIL-03562,IV-013,2026-11-19 16:00,future
AVAIL-03563,IV-013,2026-11-20 10:00,future
AVAIL-03564,IV-013,2026-11-20 11:00,future
AVAIL-03565,IV-013,2026-11-20 13:00,future
AVAIL-03566,IV-013,2026-11-20 14:00,future
AVAIL-03567,IV-013,2026-11-20 15:00,future
AVAIL-03568,IV-013,2026-11-20 16:00,future
AVAIL-03569,IV-014,2026-07-24 09:00,past
AVAIL-03570,IV-014,2026-07-24 10:00,past
AVAIL-03571,IV-014,2026-07-24 11:00,past
AVAIL-03572,IV-014,2026-07-24 13:00,past
AVAIL-03573,IV-014,2026-07-27 09:00,past
AVAIL-03574,IV-014,2026-07-27 10:00,past
AVAIL-03575,IV-014,2026-07-27 14:00,past
AVAIL-03576,IV-014,2026-07-27 16:00,past
AVAIL-03577,IV-014,2026-07-31 10:00,past
AVAIL-03578,IV-014,2026-07-31 14:00,past
AVAIL-03579,IV-014,2026-08-03 09:00,past
AVAIL-03580,IV-014,2026-08-03 10:00,past
AVAIL-03581,IV-014,2026-08-03 14:00,past
AVAIL-03582,IV-014,2026-08-04 11:00,past
AVAIL-03583,IV-014,2026-08-04 13:00,past
AVAIL-03584,IV-014,2026-08-04 14:00,past
AVAIL-03585,IV-014,2026-08-05 14:00,past
AVAIL-03586,IV-014,2026-08-07 09:00,past
AVAIL-03587,IV-014,2026-08-11 11:00,past
AVAIL-03588,IV-014,2026-08-11 14:00,past
AVAIL-03589,IV-014,2026-08-11 16:00,past
AVAIL-03590,IV-014,2026-08-12 09:00,past
AVAIL-03591,IV-014,2026-08-12 10:00,past
AVAIL-03592,IV-014,2026-08-12 11:00,past
AVAIL-03593,IV-014,2026-08-12 14:00,past
AVAIL-03594,IV-014,2026-08-13 10:00,past
AVAIL-03595,IV-014,2026-08-13 11:00,past
AVAIL-03596,IV-014,2026-08-13 14:00,past
AVAIL-03597,IV-014,2026-08-14 09:00,past
AVAIL-03598,IV-014,2026-08-14 14:00,past
AVAIL-03599,IV-014,2026-08-17 10:00,past
AVAIL-03600,IV-014,2026-08-17 11:00,past
AVAIL-03601,IV-014,2026-08-17 14:00,past
AVAIL-03602,IV-014,2026-08-18 11:00,past
AVAIL-03603,IV-014,2026-08-18 16:00,past
AVAIL-03604,IV-014,2026-08-19 09:00,past
AVAIL-03605,IV-014,2026-08-19 11:00,past
AVAIL-03606,IV-014,2026-08-19 13:00,past
AVAIL-03607,IV-014,2026-08-19 15:00,past
AVAIL-03608,IV-014,2026-08-20 14:00,past
AVAIL-03609,IV-014,2026-08-21 13:00,past
AVAIL-03610,IV-014,2026-08-24 09:00,future
AVAIL-03611,IV-014,2026-08-24 10:00,future
AVAIL-03612,IV-014,2026-08-24 11:00,future
AVAIL-03613,IV-014,2026-08-24 13:00,future
AVAIL-03614,IV-014,2026-08-24 14:00,future
AVAIL-03615,IV-014,2026-08-24 15:00,future
AVAIL-03616,IV-014,2026-08-24 16:00,future
AVAIL-03617,IV-014,2026-08-25 09:00,future
AVAIL-03618,IV-014,2026-08-25 10:00,future
AVAIL-03619,IV-014,2026-08-25 11:00,future
AVAIL-03620,IV-014,2026-08-25 14:00,future
AVAIL-03621,IV-014,2026-08-26 09:00,future
AVAIL-03622,IV-014,2026-08-26 10:00,future
AVAIL-03623,IV-014,2026-08-26 11:00,future
AVAIL-03624,IV-014,2026-08-26 13:00,future
AVAIL-03625,IV-014,2026-08-26 14:00,future
AVAIL-03626,IV-014,2026-08-26 15:00,future
AVAIL-03627,IV-014,2026-08-26 16:00,future
AVAIL-03628,IV-014,2026-08-28 09:00,future
AVAIL-03629,IV-014,2026-08-28 10:00,future
AVAIL-03630,IV-014,2026-08-28 11:00,future
AVAIL-03631,IV-014,2026-08-28 13:00,future
AVAIL-03632,IV-014,2026-08-28 14:00,future
AVAIL-03633,IV-014,2026-08-28 15:00,future
AVAIL-03634,IV-014,2026-08-28 16:00,future
AVAIL-03635,IV-014,2026-08-31 10:00,future
AVAIL-03636,IV-014,2026-08-31 11:00,future
AVAIL-03637,IV-014,2026-08-31 13:00,future
AVAIL-03638,IV-014,2026-08-31 14:00,future
AVAIL-03639,IV-014,2026-08-31 15:00,future
AVAIL-03640,IV-014,2026-08-31 16:00,future
AVAIL-03641,IV-014,2026-09-01 09:00,future
AVAIL-03642,IV-014,2026-09-01 11:00,future
AVAIL-03643,IV-014,2026-09-01 13:00,future
AVAIL-03644,IV-014,2026-09-01 14:00,future
AVAIL-03645,IV-014,2026-09-01 15:00,future
AVAIL-03646,IV-014,2026-09-02 09:00,future
AVAIL-03647,IV-014,2026-09-02 10:00,future
AVAIL-03648,IV-014,2026-09-02 11:00,future
AVAIL-03649,IV-014,2026-09-02 13:00,future
AVAIL-03650,IV-014,2026-09-02 14:00,future
AVAIL-03651,IV-014,2026-09-02 15:00,future
AVAIL-03652,IV-014,2026-09-02 16:00,future
AVAIL-03653,IV-014,2026-09-03 09:00,future
AVAIL-03654,IV-014,2026-09-03 10:00,future
AVAIL-03655,IV-014,2026-09-03 11:00,future
AVAIL-03656,IV-014,2026-09-03 13:00,future
AVAIL-03657,IV-014,2026-09-03 14:00,future
AVAIL-03658,IV-014,2026-09-03 15:00,future
AVAIL-03659,IV-014,2026-09-03 16:00,future
AVAIL-03660,IV-014,2026-09-08 09:00,future
AVAIL-03661,IV-014,2026-09-08 10:00,future
AVAIL-03662,IV-014,2026-09-08 13:00,future
AVAIL-03663,IV-014,2026-09-08 14:00,future
AVAIL-03664,IV-014,2026-09-08 15:00,future
AVAIL-03665,IV-014,2026-09-08 16:00,future
AVAIL-03666,IV-014,2026-09-09 09:00,future
AVAIL-03667,IV-014,2026-09-09 10:00,future
AVAIL-03668,IV-014,2026-09-09 11:00,future
AVAIL-03669,IV-014,2026-09-09 13:00,future
AVAIL-03670,IV-014,2026-09-09 14:00,future
AVAIL-03671,IV-014,2026-09-09 16:00,future
AVAIL-03672,IV-014,2026-09-10 09:00,future
AVAIL-03673,IV-014,2026-09-10 10:00,future
AVAIL-03674,IV-014,2026-09-10 11:00,future
AVAIL-03675,IV-014,2026-09-10 14:00,future
AVAIL-03676,IV-014,2026-09-10 15:00,future
AVAIL-03677,IV-014,2026-09-10 16:00,future
AVAIL-03678,IV-014,2026-09-11 09:00,future
AVAIL-03679,IV-014,2026-09-11 10:00,future
AVAIL-03680,IV-014,2026-09-11 11:00,future
AVAIL-03681,IV-014,2026-09-11 13:00,future
AVAIL-03682,IV-014,2026-09-11 14:00,future
AVAIL-03683,IV-014,2026-09-11 15:00,future
AVAIL-03684,IV-014,2026-09-11 16:00,future
AVAIL-03685,IV-014,2026-09-14 09:00,future
AVAIL-03686,IV-014,2026-09-14 10:00,future
AVAIL-03687,IV-014,2026-09-14 11:00,future
AVAIL-03688,IV-014,2026-09-14 13:00,future
AVAIL-03689,IV-014,2026-09-14 14:00,future
AVAIL-03690,IV-014,2026-09-14 15:00,future
AVAIL-03691,IV-014,2026-09-14 16:00,future
AVAIL-03692,IV-014,2026-09-15 09:00,future
AVAIL-03693,IV-014,2026-09-15 10:00,future
AVAIL-03694,IV-014,2026-09-15 11:00,future
AVAIL-03695,IV-014,2026-09-15 13:00,future
AVAIL-03696,IV-014,2026-09-15 15:00,future
AVAIL-03697,IV-014,2026-09-15 16:00,future
AVAIL-03698,IV-014,2026-09-16 09:00,future
AVAIL-03699,IV-014,2026-09-16 10:00,future
AVAIL-03700,IV-014,2026-09-16 11:00,future
AVAIL-03701,IV-014,2026-09-16 13:00,future
AVAIL-03702,IV-014,2026-09-16 14:00,future
AVAIL-03703,IV-014,2026-09-16 15:00,future
AVAIL-03704,IV-014,2026-09-16 16:00,future
AVAIL-03705,IV-014,2026-09-17 09:00,future
AVAIL-03706,IV-014,2026-09-17 10:00,future
AVAIL-03707,IV-014,2026-09-17 11:00,future
AVAIL-03708,IV-014,2026-09-17 13:00,future
AVAIL-03709,IV-014,2026-09-17 14:00,future
AVAIL-03710,IV-014,2026-09-17 15:00,future
AVAIL-03711,IV-014,2026-09-17 16:00,future
AVAIL-03712,IV-014,2026-09-18 10:00,future
AVAIL-03713,IV-014,2026-09-18 11:00,future
AVAIL-03714,IV-014,2026-09-18 14:00,future
AVAIL-03715,IV-014,2026-09-18 15:00,future
AVAIL-03716,IV-014,2026-09-18 16:00,future
AVAIL-03717,IV-014,2026-09-21 09:00,future
AVAIL-03718,IV-014,2026-09-21 10:00,future
AVAIL-03719,IV-014,2026-09-21 11:00,future
AVAIL-03720,IV-014,2026-09-21 13:00,future
AVAIL-03721,IV-014,2026-09-21 14:00,future
AVAIL-03722,IV-014,2026-09-21 15:00,future
AVAIL-03723,IV-014,2026-09-21 16:00,future
AVAIL-03724,IV-014,2026-09-22 09:00,future
AVAIL-03725,IV-014,2026-09-22 10:00,future
AVAIL-03726,IV-014,2026-09-22 11:00,future
AVAIL-03727,IV-014,2026-09-22 14:00,future
AVAIL-03728,IV-014,2026-09-22 15:00,future
AVAIL-03729,IV-014,2026-09-23 09:00,future
AVAIL-03730,IV-014,2026-09-23 10:00,future
AVAIL-03731,IV-014,2026-09-23 11:00,future
AVAIL-03732,IV-014,2026-09-23 14:00,future
AVAIL-03733,IV-014,2026-09-23 15:00,future
AVAIL-03734,IV-014,2026-09-24 09:00,future
AVAIL-03735,IV-014,2026-09-24 10:00,future
AVAIL-03736,IV-014,2026-09-24 11:00,future
AVAIL-03737,IV-014,2026-09-24 15:00,future
AVAIL-03738,IV-014,2026-09-24 16:00,future
AVAIL-03739,IV-014,2026-09-25 09:00,future
AVAIL-03740,IV-014,2026-09-25 10:00,future
AVAIL-03741,IV-014,2026-09-25 11:00,future
AVAIL-03742,IV-014,2026-09-25 13:00,future
AVAIL-03743,IV-014,2026-09-25 14:00,future
AVAIL-03744,IV-014,2026-09-25 15:00,future
AVAIL-03745,IV-014,2026-09-25 16:00,future
AVAIL-03746,IV-014,2026-09-28 09:00,future
AVAIL-03747,IV-014,2026-09-28 10:00,future
AVAIL-03748,IV-014,2026-09-28 11:00,future
AVAIL-03749,IV-014,2026-09-28 13:00,future
AVAIL-03750,IV-014,2026-09-28 14:00,future
AVAIL-03751,IV-014,2026-09-28 16:00,future
AVAIL-03752,IV-014,2026-09-29 09:00,future
AVAIL-03753,IV-014,2026-09-29 11:00,future
AVAIL-03754,IV-014,2026-09-29 13:00,future
AVAIL-03755,IV-014,2026-09-29 14:00,future
AVAIL-03756,IV-014,2026-09-29 15:00,future
AVAIL-03757,IV-014,2026-09-29 16:00,future
AVAIL-03758,IV-014,2026-09-30 09:00,future
AVAIL-03759,IV-014,2026-09-30 10:00,future
AVAIL-03760,IV-014,2026-09-30 11:00,future
AVAIL-03761,IV-014,2026-09-30 13:00,future
AVAIL-03762,IV-014,2026-09-30 14:00,future
AVAIL-03763,IV-014,2026-09-30 15:00,future
AVAIL-03764,IV-014,2026-09-30 16:00,future
AVAIL-03765,IV-014,2026-10-05 09:00,future
AVAIL-03766,IV-014,2026-10-05 10:00,future
AVAIL-03767,IV-014,2026-10-05 11:00,future
AVAIL-03768,IV-014,2026-10-05 13:00,future
AVAIL-03769,IV-014,2026-10-05 14:00,future
AVAIL-03770,IV-014,2026-10-05 15:00,future
AVAIL-03771,IV-014,2026-10-06 09:00,future
AVAIL-03772,IV-014,2026-10-06 10:00,future
AVAIL-03773,IV-014,2026-10-06 11:00,future
AVAIL-03774,IV-014,2026-10-06 14:00,future
AVAIL-03775,IV-014,2026-10-06 15:00,future
AVAIL-03776,IV-014,2026-10-06 16:00,future
AVAIL-03777,IV-014,2026-10-08 09:00,future
AVAIL-03778,IV-014,2026-10-08 10:00,future
AVAIL-03779,IV-014,2026-10-08 11:00,future
AVAIL-03780,IV-014,2026-10-08 13:00,future
AVAIL-03781,IV-014,2026-10-08 14:00,future
AVAIL-03782,IV-014,2026-10-08 16:00,future
AVAIL-03783,IV-014,2026-10-09 09:00,future
AVAIL-03784,IV-014,2026-10-09 10:00,future
AVAIL-03785,IV-014,2026-10-09 11:00,future
AVAIL-03786,IV-014,2026-10-09 14:00,future
AVAIL-03787,IV-014,2026-10-09 15:00,future
AVAIL-03788,IV-014,2026-10-09 16:00,future
AVAIL-03789,IV-014,2026-10-13 09:00,future
AVAIL-03790,IV-014,2026-10-13 10:00,future
AVAIL-03791,IV-014,2026-10-13 11:00,future
AVAIL-03792,IV-014,2026-10-13 13:00,future
AVAIL-03793,IV-014,2026-10-13 14:00,future
AVAIL-03794,IV-014,2026-10-13 15:00,future
AVAIL-03795,IV-014,2026-10-14 09:00,future
AVAIL-03796,IV-014,2026-10-14 10:00,future
AVAIL-03797,IV-014,2026-10-14 11:00,future
AVAIL-03798,IV-014,2026-10-14 13:00,future
AVAIL-03799,IV-014,2026-10-14 14:00,future
AVAIL-03800,IV-014,2026-10-14 15:00,future
AVAIL-03801,IV-014,2026-10-15 09:00,future
AVAIL-03802,IV-014,2026-10-15 10:00,future
AVAIL-03803,IV-014,2026-10-15 13:00,future
AVAIL-03804,IV-014,2026-10-15 14:00,future
AVAIL-03805,IV-014,2026-10-15 15:00,future
AVAIL-03806,IV-014,2026-10-15 16:00,future
AVAIL-03807,IV-014,2026-10-19 09:00,future
AVAIL-03808,IV-014,2026-10-19 10:00,future
AVAIL-03809,IV-014,2026-10-19 11:00,future
AVAIL-03810,IV-014,2026-10-19 15:00,future
AVAIL-03811,IV-014,2026-10-19 16:00,future
AVAIL-03812,IV-014,2026-10-20 09:00,future
AVAIL-03813,IV-014,2026-10-20 10:00,future
AVAIL-03814,IV-014,2026-10-20 11:00,future
AVAIL-03815,IV-014,2026-10-20 13:00,future
AVAIL-03816,IV-014,2026-10-20 14:00,future
AVAIL-03817,IV-014,2026-10-20 15:00,future
AVAIL-03818,IV-014,2026-10-20 16:00,future
AVAIL-03819,IV-014,2026-10-21 09:00,future
AVAIL-03820,IV-014,2026-10-21 10:00,future
AVAIL-03821,IV-014,2026-10-21 11:00,future
AVAIL-03822,IV-014,2026-10-21 14:00,future
AVAIL-03823,IV-014,2026-10-21 16:00,future
AVAIL-03824,IV-014,2026-10-23 10:00,future
AVAIL-03825,IV-014,2026-10-23 11:00,future
AVAIL-03826,IV-014,2026-10-23 13:00,future
AVAIL-03827,IV-014,2026-10-23 14:00,future
AVAIL-03828,IV-014,2026-10-23 15:00,future
AVAIL-03829,IV-014,2026-10-26 09:00,future
AVAIL-03830,IV-014,2026-10-26 10:00,future
AVAIL-03831,IV-014,2026-10-26 11:00,future
AVAIL-03832,IV-014,2026-10-26 13:00,future
AVAIL-03833,IV-014,2026-10-26 14:00,future
AVAIL-03834,IV-014,2026-10-26 15:00,future
AVAIL-03835,IV-014,2026-10-26 16:00,future
AVAIL-03836,IV-014,2026-10-27 09:00,future
AVAIL-03837,IV-014,2026-10-27 10:00,future
AVAIL-03838,IV-014,2026-10-27 11:00,future
AVAIL-03839,IV-014,2026-10-27 14:00,future
AVAIL-03840,IV-014,2026-10-27 15:00,future
AVAIL-03841,IV-014,2026-10-28 09:00,future
AVAIL-03842,IV-014,2026-10-28 10:00,future
AVAIL-03843,IV-014,2026-10-28 11:00,future
AVAIL-03844,IV-014,2026-10-28 13:00,future
AVAIL-03845,IV-014,2026-10-28 14:00,future
AVAIL-03846,IV-014,2026-10-28 15:00,future
AVAIL-03847,IV-014,2026-10-28 16:00,future
AVAIL-03848,IV-014,2026-10-29 11:00,future
AVAIL-03849,IV-014,2026-10-29 13:00,future
AVAIL-03850,IV-014,2026-10-29 14:00,future
AVAIL-03851,IV-014,2026-10-29 16:00,future
AVAIL-03852,IV-014,2026-10-30 09:00,future
AVAIL-03853,IV-014,2026-10-30 10:00,future
AVAIL-03854,IV-014,2026-10-30 11:00,future
AVAIL-03855,IV-014,2026-10-30 13:00,future
AVAIL-03856,IV-014,2026-10-30 14:00,future
AVAIL-03857,IV-014,2026-10-30 15:00,future
AVAIL-03858,IV-014,2026-11-02 09:00,future
AVAIL-03859,IV-014,2026-11-02 10:00,future
AVAIL-03860,IV-014,2026-11-02 11:00,future
AVAIL-03861,IV-014,2026-11-02 13:00,future
AVAIL-03862,IV-014,2026-11-02 14:00,future
AVAIL-03863,IV-014,2026-11-02 15:00,future
AVAIL-03864,IV-014,2026-11-02 16:00,future
AVAIL-03865,IV-014,2026-11-03 09:00,future
AVAIL-03866,IV-014,2026-11-03 11:00,future
AVAIL-03867,IV-014,2026-11-03 13:00,future
AVAIL-03868,IV-014,2026-11-03 14:00,future
AVAIL-03869,IV-014,2026-11-03 15:00,future
AVAIL-03870,IV-014,2026-11-03 16:00,future
AVAIL-03871,IV-014,2026-11-04 09:00,future
AVAIL-03872,IV-014,2026-11-04 10:00,future
AVAIL-03873,IV-014,2026-11-04 11:00,future
AVAIL-03874,IV-014,2026-11-04 13:00,future
AVAIL-03875,IV-014,2026-11-04 14:00,future
AVAIL-03876,IV-014,2026-11-04 15:00,future
AVAIL-03877,IV-014,2026-11-05 09:00,future
AVAIL-03878,IV-014,2026-11-05 10:00,future
AVAIL-03879,IV-014,2026-11-05 13:00,future
AVAIL-03880,IV-014,2026-11-05 14:00,future
AVAIL-03881,IV-014,2026-11-05 15:00,future
AVAIL-03882,IV-014,2026-11-05 16:00,future
AVAIL-03883,IV-014,2026-11-06 09:00,future
AVAIL-03884,IV-014,2026-11-06 10:00,future
AVAIL-03885,IV-014,2026-11-06 11:00,future
AVAIL-03886,IV-014,2026-11-06 13:00,future
AVAIL-03887,IV-014,2026-11-06 14:00,future
AVAIL-03888,IV-014,2026-11-06 15:00,future
AVAIL-03889,IV-014,2026-11-06 16:00,future
AVAIL-03890,IV-014,2026-11-09 09:00,future
AVAIL-03891,IV-014,2026-11-09 10:00,future
AVAIL-03892,IV-014,2026-11-09 11:00,future
AVAIL-03893,IV-014,2026-11-09 13:00,future
AVAIL-03894,IV-014,2026-11-09 14:00,future
AVAIL-03895,IV-014,2026-11-09 15:00,future
AVAIL-03896,IV-014,2026-11-09 16:00,future
AVAIL-03897,IV-014,2026-11-10 09:00,future
AVAIL-03898,IV-014,2026-11-10 10:00,future
AVAIL-03899,IV-014,2026-11-10 11:00,future
AVAIL-03900,IV-014,2026-11-10 14:00,future
AVAIL-03901,IV-014,2026-11-10 15:00,future
AVAIL-03902,IV-014,2026-11-10 16:00,future
AVAIL-03903,IV-014,2026-11-11 09:00,future
AVAIL-03904,IV-014,2026-11-11 11:00,future
AVAIL-03905,IV-014,2026-11-11 13:00,future
AVAIL-03906,IV-014,2026-11-11 14:00,future
AVAIL-03907,IV-014,2026-11-11 15:00,future
AVAIL-03908,IV-014,2026-11-11 16:00,future
AVAIL-03909,IV-014,2026-11-12 09:00,future
AVAIL-03910,IV-014,2026-11-12 10:00,future
AVAIL-03911,IV-014,2026-11-12 11:00,future
AVAIL-03912,IV-014,2026-11-12 13:00,future
AVAIL-03913,IV-014,2026-11-12 14:00,future
AVAIL-03914,IV-014,2026-11-12 15:00,future
AVAIL-03915,IV-014,2026-11-12 16:00,future
AVAIL-03916,IV-014,2026-11-13 09:00,future
AVAIL-03917,IV-014,2026-11-13 10:00,future
AVAIL-03918,IV-014,2026-11-13 11:00,future
AVAIL-03919,IV-014,2026-11-13 13:00,future
AVAIL-03920,IV-014,2026-11-13 14:00,future
AVAIL-03921,IV-014,2026-11-13 15:00,future
AVAIL-03922,IV-014,2026-11-17 09:00,future
AVAIL-03923,IV-014,2026-11-17 10:00,future
AVAIL-03924,IV-014,2026-11-17 11:00,future
AVAIL-03925,IV-014,2026-11-17 13:00,future
AVAIL-03926,IV-014,2026-11-17 14:00,future
AVAIL-03927,IV-014,2026-11-17 15:00,future
AVAIL-03928,IV-014,2026-11-17 16:00,future
AVAIL-03929,IV-014,2026-11-18 09:00,future
AVAIL-03930,IV-014,2026-11-18 10:00,future
AVAIL-03931,IV-014,2026-11-18 11:00,future
AVAIL-03932,IV-014,2026-11-18 13:00,future
AVAIL-03933,IV-014,2026-11-18 14:00,future
AVAIL-03934,IV-014,2026-11-18 15:00,future
AVAIL-03935,IV-014,2026-11-19 09:00,future
AVAIL-03936,IV-014,2026-11-19 10:00,future
AVAIL-03937,IV-014,2026-11-19 11:00,future
AVAIL-03938,IV-014,2026-11-19 13:00,future
AVAIL-03939,IV-014,2026-11-19 14:00,future
AVAIL-03940,IV-014,2026-11-19 15:00,future
AVAIL-03941,IV-014,2026-11-20 09:00,future
AVAIL-03942,IV-014,2026-11-20 10:00,future
AVAIL-03943,IV-014,2026-11-20 11:00,future
AVAIL-03944,IV-014,2026-11-20 13:00,future
AVAIL-03945,IV-014,2026-11-20 14:00,future
AVAIL-03946,IV-014,2026-11-20 15:00,future
AVAIL-03947,IV-014,2026-11-20 16:00,future
AVAIL-03948,IV-015,2026-07-24 14:00,past
AVAIL-03949,IV-015,2026-07-24 15:00,past
AVAIL-03950,IV-015,2026-07-29 09:00,past
AVAIL-03951,IV-015,2026-07-29 10:00,past
AVAIL-03952,IV-015,2026-07-29 11:00,past
AVAIL-03953,IV-015,2026-07-30 13:00,past
AVAIL-03954,IV-015,2026-07-30 15:00,past
AVAIL-03955,IV-015,2026-08-03 11:00,past
AVAIL-03956,IV-015,2026-08-03 14:00,past
AVAIL-03957,IV-015,2026-08-05 09:00,past
AVAIL-03958,IV-015,2026-08-05 10:00,past
AVAIL-03959,IV-015,2026-08-05 11:00,past
AVAIL-03960,IV-015,2026-08-05 13:00,past
AVAIL-03961,IV-015,2026-08-05 14:00,past
AVAIL-03962,IV-015,2026-08-07 11:00,past
AVAIL-03963,IV-015,2026-08-07 13:00,past
AVAIL-03964,IV-015,2026-08-10 09:00,past
AVAIL-03965,IV-015,2026-08-11 09:00,past
AVAIL-03966,IV-015,2026-08-11 11:00,past
AVAIL-03967,IV-015,2026-08-11 13:00,past
AVAIL-03968,IV-015,2026-08-12 09:00,past
AVAIL-03969,IV-015,2026-08-12 11:00,past
AVAIL-03970,IV-015,2026-08-12 14:00,past
AVAIL-03971,IV-015,2026-08-12 15:00,past
AVAIL-03972,IV-015,2026-08-20 15:00,past
AVAIL-03973,IV-015,2026-08-20 16:00,past
AVAIL-03974,IV-015,2026-08-21 11:00,past
AVAIL-03975,IV-015,2026-08-25 09:00,future
AVAIL-03976,IV-015,2026-08-25 10:00,future
AVAIL-03977,IV-015,2026-08-25 11:00,future
AVAIL-03978,IV-015,2026-08-25 13:00,future
AVAIL-03979,IV-015,2026-08-25 14:00,future
AVAIL-03980,IV-015,2026-08-25 15:00,future
AVAIL-03981,IV-015,2026-08-25 16:00,future
AVAIL-03982,IV-015,2026-08-26 09:00,future
AVAIL-03983,IV-015,2026-08-26 10:00,future
AVAIL-03984,IV-015,2026-08-26 11:00,future
AVAIL-03985,IV-015,2026-08-26 13:00,future
AVAIL-03986,IV-015,2026-08-26 14:00,future
AVAIL-03987,IV-015,2026-08-26 15:00,future
AVAIL-03988,IV-015,2026-08-26 16:00,future
AVAIL-03989,IV-015,2026-08-28 09:00,future
AVAIL-03990,IV-015,2026-08-28 11:00,future
AVAIL-03991,IV-015,2026-08-28 13:00,future
AVAIL-03992,IV-015,2026-08-28 15:00,future
AVAIL-03993,IV-015,2026-08-28 16:00,future
AVAIL-03994,IV-015,2026-08-31 09:00,future
AVAIL-03995,IV-015,2026-08-31 11:00,future
AVAIL-03996,IV-015,2026-08-31 14:00,future
AVAIL-03997,IV-015,2026-08-31 15:00,future
AVAIL-03998,IV-015,2026-08-31 16:00,future
AVAIL-03999,IV-015,2026-09-01 10:00,future
AVAIL-04000,IV-015,2026-09-01 11:00,future
AVAIL-04001,IV-015,2026-09-01 13:00,future
AVAIL-04002,IV-015,2026-09-01 14:00,future
AVAIL-04003,IV-015,2026-09-01 15:00,future
AVAIL-04004,IV-015,2026-09-02 09:00,future
AVAIL-04005,IV-015,2026-09-02 10:00,future
AVAIL-04006,IV-015,2026-09-02 11:00,future
AVAIL-04007,IV-015,2026-09-02 13:00,future
AVAIL-04008,IV-015,2026-09-02 14:00,future
AVAIL-04009,IV-015,2026-09-02 16:00,future
AVAIL-04010,IV-015,2026-09-07 09:00,future
AVAIL-04011,IV-015,2026-09-07 10:00,future
AVAIL-04012,IV-015,2026-09-07 11:00,future
AVAIL-04013,IV-015,2026-09-07 13:00,future
AVAIL-04014,IV-015,2026-09-07 15:00,future
AVAIL-04015,IV-015,2026-09-07 16:00,future
AVAIL-04016,IV-015,2026-09-08 09:00,future
AVAIL-04017,IV-015,2026-09-08 11:00,future
AVAIL-04018,IV-015,2026-09-08 13:00,future
AVAIL-04019,IV-015,2026-09-08 14:00,future
AVAIL-04020,IV-015,2026-09-08 15:00,future
AVAIL-04021,IV-015,2026-09-08 16:00,future
AVAIL-04022,IV-015,2026-09-09 09:00,future
AVAIL-04023,IV-015,2026-09-09 10:00,future
AVAIL-04024,IV-015,2026-09-09 11:00,future
AVAIL-04025,IV-015,2026-09-09 13:00,future
AVAIL-04026,IV-015,2026-09-09 14:00,future
AVAIL-04027,IV-015,2026-09-09 15:00,future
AVAIL-04028,IV-015,2026-09-09 16:00,future
AVAIL-04029,IV-015,2026-09-10 09:00,future
AVAIL-04030,IV-015,2026-09-10 10:00,future
AVAIL-04031,IV-015,2026-09-10 11:00,future
AVAIL-04032,IV-015,2026-09-10 13:00,future
AVAIL-04033,IV-015,2026-09-10 14:00,future
AVAIL-04034,IV-015,2026-09-10 15:00,future
AVAIL-04035,IV-015,2026-09-10 16:00,future
AVAIL-04036,IV-015,2026-09-14 09:00,future
AVAIL-04037,IV-015,2026-09-14 10:00,future
AVAIL-04038,IV-015,2026-09-14 11:00,future
AVAIL-04039,IV-015,2026-09-14 13:00,future
AVAIL-04040,IV-015,2026-09-14 14:00,future
AVAIL-04041,IV-015,2026-09-14 15:00,future
AVAIL-04042,IV-015,2026-09-14 16:00,future
AVAIL-04043,IV-015,2026-09-15 09:00,future
AVAIL-04044,IV-015,2026-09-15 10:00,future
AVAIL-04045,IV-015,2026-09-15 11:00,future
AVAIL-04046,IV-015,2026-09-15 13:00,future
AVAIL-04047,IV-015,2026-09-15 14:00,future
AVAIL-04048,IV-015,2026-09-15 15:00,future
AVAIL-04049,IV-015,2026-09-15 16:00,future
AVAIL-04050,IV-015,2026-09-16 10:00,future
AVAIL-04051,IV-015,2026-09-16 13:00,future
AVAIL-04052,IV-015,2026-09-16 14:00,future
AVAIL-04053,IV-015,2026-09-16 15:00,future
AVAIL-04054,IV-015,2026-09-16 16:00,future
AVAIL-04055,IV-015,2026-09-21 09:00,future
AVAIL-04056,IV-015,2026-09-21 10:00,future
AVAIL-04057,IV-015,2026-09-21 11:00,future
AVAIL-04058,IV-015,2026-09-21 13:00,future
AVAIL-04059,IV-015,2026-09-21 15:00,future
AVAIL-04060,IV-015,2026-09-21 16:00,future
AVAIL-04061,IV-015,2026-09-22 09:00,future
AVAIL-04062,IV-015,2026-09-22 10:00,future
AVAIL-04063,IV-015,2026-09-22 11:00,future
AVAIL-04064,IV-015,2026-09-22 13:00,future
AVAIL-04065,IV-015,2026-09-22 14:00,future
AVAIL-04066,IV-015,2026-09-22 15:00,future
AVAIL-04067,IV-015,2026-09-22 16:00,future
AVAIL-04068,IV-015,2026-09-23 09:00,future
AVAIL-04069,IV-015,2026-09-23 10:00,future
AVAIL-04070,IV-015,2026-09-23 11:00,future
AVAIL-04071,IV-015,2026-09-23 13:00,future
AVAIL-04072,IV-015,2026-09-23 14:00,future
AVAIL-04073,IV-015,2026-09-23 15:00,future
AVAIL-04074,IV-015,2026-09-23 16:00,future
AVAIL-04075,IV-015,2026-09-25 09:00,future
AVAIL-04076,IV-015,2026-09-25 10:00,future
AVAIL-04077,IV-015,2026-09-25 11:00,future
AVAIL-04078,IV-015,2026-09-25 13:00,future
AVAIL-04079,IV-015,2026-09-25 14:00,future
AVAIL-04080,IV-015,2026-09-25 15:00,future
AVAIL-04081,IV-015,2026-09-25 16:00,future
AVAIL-04082,IV-015,2026-09-28 09:00,future
AVAIL-04083,IV-015,2026-09-28 10:00,future
AVAIL-04084,IV-015,2026-09-28 11:00,future
AVAIL-04085,IV-015,2026-09-28 13:00,future
AVAIL-04086,IV-015,2026-09-28 14:00,future
AVAIL-04087,IV-015,2026-09-28 15:00,future
AVAIL-04088,IV-015,2026-09-28 16:00,future
AVAIL-04089,IV-015,2026-09-30 09:00,future
AVAIL-04090,IV-015,2026-09-30 10:00,future
AVAIL-04091,IV-015,2026-09-30 11:00,future
AVAIL-04092,IV-015,2026-09-30 13:00,future
AVAIL-04093,IV-015,2026-09-30 14:00,future
AVAIL-04094,IV-015,2026-09-30 15:00,future
AVAIL-04095,IV-015,2026-09-30 16:00,future
AVAIL-04096,IV-015,2026-10-01 09:00,future
AVAIL-04097,IV-015,2026-10-01 10:00,future
AVAIL-04098,IV-015,2026-10-01 11:00,future
AVAIL-04099,IV-015,2026-10-01 14:00,future
AVAIL-04100,IV-015,2026-10-01 15:00,future
AVAIL-04101,IV-015,2026-10-01 16:00,future
AVAIL-04102,IV-015,2026-10-02 09:00,future
AVAIL-04103,IV-015,2026-10-02 10:00,future
AVAIL-04104,IV-015,2026-10-02 11:00,future
AVAIL-04105,IV-015,2026-10-02 13:00,future
AVAIL-04106,IV-015,2026-10-02 14:00,future
AVAIL-04107,IV-015,2026-10-02 15:00,future
AVAIL-04108,IV-015,2026-10-02 16:00,future
AVAIL-04109,IV-015,2026-10-05 10:00,future
AVAIL-04110,IV-015,2026-10-05 11:00,future
AVAIL-04111,IV-015,2026-10-05 13:00,future
AVAIL-04112,IV-015,2026-10-05 14:00,future
AVAIL-04113,IV-015,2026-10-05 15:00,future
AVAIL-04114,IV-015,2026-10-05 16:00,future
AVAIL-04115,IV-015,2026-10-09 09:00,future
AVAIL-04116,IV-015,2026-10-09 10:00,future
AVAIL-04117,IV-015,2026-10-09 11:00,future
AVAIL-04118,IV-015,2026-10-09 13:00,future
AVAIL-04119,IV-015,2026-10-09 14:00,future
AVAIL-04120,IV-015,2026-10-09 15:00,future
AVAIL-04121,IV-015,2026-10-09 16:00,future
AVAIL-04122,IV-015,2026-10-12 09:00,future
AVAIL-04123,IV-015,2026-10-12 10:00,future
AVAIL-04124,IV-015,2026-10-12 11:00,future
AVAIL-04125,IV-015,2026-10-12 13:00,future
AVAIL-04126,IV-015,2026-10-12 14:00,future
AVAIL-04127,IV-015,2026-10-12 15:00,future
AVAIL-04128,IV-015,2026-10-12 16:00,future
AVAIL-04129,IV-015,2026-10-13 09:00,future
AVAIL-04130,IV-015,2026-10-13 10:00,future
AVAIL-04131,IV-015,2026-10-13 11:00,future
AVAIL-04132,IV-015,2026-10-13 13:00,future
AVAIL-04133,IV-015,2026-10-13 14:00,future
AVAIL-04134,IV-015,2026-10-13 15:00,future
AVAIL-04135,IV-015,2026-10-13 16:00,future
AVAIL-04136,IV-015,2026-10-14 09:00,future
AVAIL-04137,IV-015,2026-10-14 10:00,future
AVAIL-04138,IV-015,2026-10-14 11:00,future
AVAIL-04139,IV-015,2026-10-14 13:00,future
AVAIL-04140,IV-015,2026-10-14 14:00,future
AVAIL-04141,IV-015,2026-10-14 15:00,future
AVAIL-04142,IV-015,2026-10-14 16:00,future
AVAIL-04143,IV-015,2026-10-15 09:00,future
AVAIL-04144,IV-015,2026-10-15 10:00,future
AVAIL-04145,IV-015,2026-10-15 11:00,future
AVAIL-04146,IV-015,2026-10-15 13:00,future
AVAIL-04147,IV-015,2026-10-15 14:00,future
AVAIL-04148,IV-015,2026-10-15 15:00,future
AVAIL-04149,IV-015,2026-10-15 16:00,future
AVAIL-04150,IV-015,2026-10-21 09:00,future
AVAIL-04151,IV-015,2026-10-21 10:00,future
AVAIL-04152,IV-015,2026-10-21 11:00,future
AVAIL-04153,IV-015,2026-10-21 13:00,future
AVAIL-04154,IV-015,2026-10-21 14:00,future
AVAIL-04155,IV-015,2026-10-21 15:00,future
AVAIL-04156,IV-015,2026-10-21 16:00,future
AVAIL-04157,IV-015,2026-10-26 09:00,future
AVAIL-04158,IV-015,2026-10-26 10:00,future
AVAIL-04159,IV-015,2026-10-26 11:00,future
AVAIL-04160,IV-015,2026-10-26 13:00,future
AVAIL-04161,IV-015,2026-10-26 14:00,future
AVAIL-04162,IV-015,2026-10-26 15:00,future
AVAIL-04163,IV-015,2026-10-26 16:00,future
AVAIL-04164,IV-015,2026-10-28 09:00,future
AVAIL-04165,IV-015,2026-10-28 10:00,future
AVAIL-04166,IV-015,2026-10-28 11:00,future
AVAIL-04167,IV-015,2026-10-28 13:00,future
AVAIL-04168,IV-015,2026-10-28 14:00,future
AVAIL-04169,IV-015,2026-10-28 16:00,future
AVAIL-04170,IV-015,2026-10-30 09:00,future
AVAIL-04171,IV-015,2026-10-30 10:00,future
AVAIL-04172,IV-015,2026-10-30 11:00,future
AVAIL-04173,IV-015,2026-10-30 13:00,future
AVAIL-04174,IV-015,2026-10-30 14:00,future
AVAIL-04175,IV-015,2026-10-30 15:00,future
AVAIL-04176,IV-015,2026-10-30 16:00,future
AVAIL-04177,IV-015,2026-11-02 09:00,future
AVAIL-04178,IV-015,2026-11-02 10:00,future
AVAIL-04179,IV-015,2026-11-02 11:00,future
AVAIL-04180,IV-015,2026-11-02 13:00,future
AVAIL-04181,IV-015,2026-11-02 14:00,future
AVAIL-04182,IV-015,2026-11-02 15:00,future
AVAIL-04183,IV-015,2026-11-02 16:00,future
AVAIL-04184,IV-015,2026-11-03 09:00,future
AVAIL-04185,IV-015,2026-11-03 10:00,future
AVAIL-04186,IV-015,2026-11-03 11:00,future
AVAIL-04187,IV-015,2026-11-03 13:00,future
AVAIL-04188,IV-015,2026-11-03 14:00,future
AVAIL-04189,IV-015,2026-11-03 15:00,future
AVAIL-04190,IV-015,2026-11-03 16:00,future
AVAIL-04191,IV-015,2026-11-04 09:00,future
AVAIL-04192,IV-015,2026-11-04 10:00,future
AVAIL-04193,IV-015,2026-11-04 11:00,future
AVAIL-04194,IV-015,2026-11-04 14:00,future
AVAIL-04195,IV-015,2026-11-04 15:00,future
AVAIL-04196,IV-015,2026-11-04 16:00,future
AVAIL-04197,IV-015,2026-11-09 09:00,future
AVAIL-04198,IV-015,2026-11-09 10:00,future
AVAIL-04199,IV-015,2026-11-09 11:00,future
AVAIL-04200,IV-015,2026-11-09 13:00,future
AVAIL-04201,IV-015,2026-11-09 16:00,future
AVAIL-04202,IV-015,2026-11-10 09:00,future
AVAIL-04203,IV-015,2026-11-10 10:00,future
AVAIL-04204,IV-015,2026-11-10 11:00,future
AVAIL-04205,IV-015,2026-11-10 13:00,future
AVAIL-04206,IV-015,2026-11-10 14:00,future
AVAIL-04207,IV-015,2026-11-10 15:00,future
AVAIL-04208,IV-015,2026-11-10 16:00,future
AVAIL-04209,IV-015,2026-11-16 09:00,future
AVAIL-04210,IV-015,2026-11-16 11:00,future
AVAIL-04211,IV-015,2026-11-16 14:00,future
AVAIL-04212,IV-015,2026-11-16 15:00,future
AVAIL-04213,IV-015,2026-11-16 16:00,future
AVAIL-04214,IV-015,2026-11-18 09:00,future
AVAIL-04215,IV-015,2026-11-18 10:00,future
AVAIL-04216,IV-015,2026-11-18 11:00,future
AVAIL-04217,IV-015,2026-11-18 13:00,future
AVAIL-04218,IV-015,2026-11-18 15:00,future
AVAIL-04219,IV-015,2026-11-18 16:00,future
AVAIL-04220,IV-015,2026-11-19 09:00,future
AVAIL-04221,IV-015,2026-11-19 10:00,future
AVAIL-04222,IV-015,2026-11-19 11:00,future
AVAIL-04223,IV-015,2026-11-19 13:00,future
AVAIL-04224,IV-015,2026-11-19 14:00,future
AVAIL-04225,IV-015,2026-11-19 15:00,future
AVAIL-04226,IV-015,2026-11-19 16:00,future
AVAIL-04227,IV-015,2026-11-20 09:00,future
AVAIL-04228,IV-015,2026-11-20 10:00,future
AVAIL-04229,IV-015,2026-11-20 11:00,future
AVAIL-04230,IV-015,2026-11-20 13:00,future
AVAIL-04231,IV-015,2026-11-20 14:00,future
AVAIL-04232,IV-015,2026-11-20 15:00,future
AVAIL-04233,IV-015,2026-11-20 16:00,future
AVAIL-04234,IV-016,2026-07-27 11:00,past
AVAIL-04235,IV-016,2026-08-03 11:00,past
AVAIL-04236,IV-016,2026-08-03 13:00,past
AVAIL-04237,IV-016,2026-08-03 15:00,past
AVAIL-04238,IV-016,2026-08-03 16:00,past
AVAIL-04239,IV-016,2026-08-06 13:00,past
AVAIL-04240,IV-016,2026-08-06 14:00,past
AVAIL-04241,IV-016,2026-08-06 16:00,past
AVAIL-04242,IV-016,2026-08-11 11:00,past
AVAIL-04243,IV-016,2026-08-11 13:00,past
AVAIL-04244,IV-016,2026-08-11 15:00,past
AVAIL-04245,IV-016,2026-08-11 16:00,past
AVAIL-04246,IV-016,2026-08-12 10:00,past
AVAIL-04247,IV-016,2026-08-12 13:00,past
AVAIL-04248,IV-016,2026-08-20 09:00,past
AVAIL-04249,IV-016,2026-08-20 14:00,past
AVAIL-04250,IV-016,2026-08-24 09:00,future
AVAIL-04251,IV-016,2026-08-24 10:00,future
AVAIL-04252,IV-016,2026-08-24 11:00,future
AVAIL-04253,IV-016,2026-08-24 13:00,future
AVAIL-04254,IV-016,2026-08-24 14:00,future
AVAIL-04255,IV-016,2026-08-24 15:00,future
AVAIL-04256,IV-016,2026-08-24 16:00,future
AVAIL-04257,IV-016,2026-08-25 09:00,future
AVAIL-04258,IV-016,2026-08-25 10:00,future
AVAIL-04259,IV-016,2026-08-25 11:00,future
AVAIL-04260,IV-016,2026-08-25 13:00,future
AVAIL-04261,IV-016,2026-08-25 14:00,future
AVAIL-04262,IV-016,2026-08-25 15:00,future
AVAIL-04263,IV-016,2026-08-25 16:00,future
AVAIL-04264,IV-016,2026-08-26 09:00,future
AVAIL-04265,IV-016,2026-08-26 10:00,future
AVAIL-04266,IV-016,2026-08-26 13:00,future
AVAIL-04267,IV-016,2026-08-26 14:00,future
AVAIL-04268,IV-016,2026-08-26 15:00,future
AVAIL-04269,IV-016,2026-08-26 16:00,future
AVAIL-04270,IV-016,2026-08-27 09:00,future
AVAIL-04271,IV-016,2026-08-27 10:00,future
AVAIL-04272,IV-016,2026-08-27 11:00,future
AVAIL-04273,IV-016,2026-08-27 13:00,future
AVAIL-04274,IV-016,2026-08-27 14:00,future
AVAIL-04275,IV-016,2026-08-27 15:00,future
AVAIL-04276,IV-016,2026-08-27 16:00,future
AVAIL-04277,IV-016,2026-08-28 09:00,future
AVAIL-04278,IV-016,2026-08-28 10:00,future
AVAIL-04279,IV-016,2026-08-28 11:00,future
AVAIL-04280,IV-016,2026-08-28 13:00,future
AVAIL-04281,IV-016,2026-08-28 14:00,future
AVAIL-04282,IV-016,2026-08-28 15:00,future
AVAIL-04283,IV-016,2026-08-28 16:00,future
AVAIL-04284,IV-016,2026-08-31 09:00,future
AVAIL-04285,IV-016,2026-08-31 11:00,future
AVAIL-04286,IV-016,2026-08-31 14:00,future
AVAIL-04287,IV-016,2026-08-31 15:00,future
AVAIL-04288,IV-016,2026-09-01 09:00,future
AVAIL-04289,IV-016,2026-09-01 10:00,future
AVAIL-04290,IV-016,2026-09-01 11:00,future
AVAIL-04291,IV-016,2026-09-01 14:00,future
AVAIL-04292,IV-016,2026-09-01 15:00,future
AVAIL-04293,IV-016,2026-09-01 16:00,future
AVAIL-04294,IV-016,2026-09-07 09:00,future
AVAIL-04295,IV-016,2026-09-07 10:00,future
AVAIL-04296,IV-016,2026-09-07 11:00,future
AVAIL-04297,IV-016,2026-09-07 13:00,future
AVAIL-04298,IV-016,2026-09-07 14:00,future
AVAIL-04299,IV-016,2026-09-07 15:00,future
AVAIL-04300,IV-016,2026-09-07 16:00,future
AVAIL-04301,IV-016,2026-09-09 10:00,future
AVAIL-04302,IV-016,2026-09-09 11:00,future
AVAIL-04303,IV-016,2026-09-09 13:00,future
AVAIL-04304,IV-016,2026-09-09 14:00,future
AVAIL-04305,IV-016,2026-09-09 16:00,future
AVAIL-04306,IV-016,2026-09-10 09:00,future
AVAIL-04307,IV-016,2026-09-10 10:00,future
AVAIL-04308,IV-016,2026-09-10 11:00,future
AVAIL-04309,IV-016,2026-09-10 13:00,future
AVAIL-04310,IV-016,2026-09-10 14:00,future
AVAIL-04311,IV-016,2026-09-10 16:00,future
AVAIL-04312,IV-016,2026-09-22 09:00,future
AVAIL-04313,IV-016,2026-09-22 10:00,future
AVAIL-04314,IV-016,2026-09-22 11:00,future
AVAIL-04315,IV-016,2026-09-22 13:00,future
AVAIL-04316,IV-016,2026-09-22 14:00,future
AVAIL-04317,IV-016,2026-09-22 15:00,future
AVAIL-04318,IV-016,2026-09-22 16:00,future
AVAIL-04319,IV-016,2026-09-24 09:00,future
AVAIL-04320,IV-016,2026-09-24 10:00,future
AVAIL-04321,IV-016,2026-09-24 11:00,future
AVAIL-04322,IV-016,2026-09-24 13:00,future
AVAIL-04323,IV-016,2026-09-24 14:00,future
AVAIL-04324,IV-016,2026-09-24 16:00,future
AVAIL-04325,IV-016,2026-09-25 09:00,future
AVAIL-04326,IV-016,2026-09-25 10:00,future
AVAIL-04327,IV-016,2026-09-25 11:00,future
AVAIL-04328,IV-016,2026-09-25 13:00,future
AVAIL-04329,IV-016,2026-09-25 14:00,future
AVAIL-04330,IV-016,2026-09-25 15:00,future
AVAIL-04331,IV-016,2026-09-25 16:00,future
AVAIL-04332,IV-016,2026-09-29 09:00,future
AVAIL-04333,IV-016,2026-09-29 10:00,future
AVAIL-04334,IV-016,2026-09-29 11:00,future
AVAIL-04335,IV-016,2026-09-29 13:00,future
AVAIL-04336,IV-016,2026-09-29 14:00,future
AVAIL-04337,IV-016,2026-09-29 15:00,future
AVAIL-04338,IV-016,2026-09-29 16:00,future
AVAIL-04339,IV-016,2026-09-30 09:00,future
AVAIL-04340,IV-016,2026-09-30 10:00,future
AVAIL-04341,IV-016,2026-09-30 13:00,future
AVAIL-04342,IV-016,2026-09-30 14:00,future
AVAIL-04343,IV-016,2026-09-30 15:00,future
AVAIL-04344,IV-016,2026-09-30 16:00,future
AVAIL-04345,IV-016,2026-10-07 09:00,future
AVAIL-04346,IV-016,2026-10-07 10:00,future
AVAIL-04347,IV-016,2026-10-07 11:00,future
AVAIL-04348,IV-016,2026-10-07 13:00,future
AVAIL-04349,IV-016,2026-10-07 14:00,future
AVAIL-04350,IV-016,2026-10-07 15:00,future
AVAIL-04351,IV-016,2026-10-14 09:00,future
AVAIL-04352,IV-016,2026-10-14 10:00,future
AVAIL-04353,IV-016,2026-10-14 11:00,future
AVAIL-04354,IV-016,2026-10-14 13:00,future
AVAIL-04355,IV-016,2026-10-14 14:00,future
AVAIL-04356,IV-016,2026-10-14 15:00,future
AVAIL-04357,IV-016,2026-10-14 16:00,future
AVAIL-04358,IV-016,2026-10-15 09:00,future
AVAIL-04359,IV-016,2026-10-15 11:00,future
AVAIL-04360,IV-016,2026-10-15 13:00,future
AVAIL-04361,IV-016,2026-10-15 14:00,future
AVAIL-04362,IV-016,2026-10-15 15:00,future
AVAIL-04363,IV-016,2026-10-15 16:00,future
AVAIL-04364,IV-016,2026-10-19 09:00,future
AVAIL-04365,IV-016,2026-10-19 11:00,future
AVAIL-04366,IV-016,2026-10-19 13:00,future
AVAIL-04367,IV-016,2026-10-19 14:00,future
AVAIL-04368,IV-016,2026-10-19 15:00,future
AVAIL-04369,IV-016,2026-10-19 16:00,future
AVAIL-04370,IV-016,2026-10-23 09:00,future
AVAIL-04371,IV-016,2026-10-23 10:00,future
AVAIL-04372,IV-016,2026-10-23 11:00,future
AVAIL-04373,IV-016,2026-10-23 13:00,future
AVAIL-04374,IV-016,2026-10-23 14:00,future
AVAIL-04375,IV-016,2026-10-23 15:00,future
AVAIL-04376,IV-016,2026-10-23 16:00,future
AVAIL-04377,IV-016,2026-10-27 10:00,future
AVAIL-04378,IV-016,2026-10-27 13:00,future
AVAIL-04379,IV-016,2026-10-27 14:00,future
AVAIL-04380,IV-016,2026-10-27 15:00,future
AVAIL-04381,IV-016,2026-10-27 16:00,future
AVAIL-04382,IV-016,2026-11-02 09:00,future
AVAIL-04383,IV-016,2026-11-02 10:00,future
AVAIL-04384,IV-016,2026-11-02 11:00,future
AVAIL-04385,IV-016,2026-11-02 13:00,future
AVAIL-04386,IV-016,2026-11-02 14:00,future
AVAIL-04387,IV-016,2026-11-02 15:00,future
AVAIL-04388,IV-016,2026-11-02 16:00,future
AVAIL-04389,IV-016,2026-11-03 09:00,future
AVAIL-04390,IV-016,2026-11-03 10:00,future
AVAIL-04391,IV-016,2026-11-03 11:00,future
AVAIL-04392,IV-016,2026-11-03 13:00,future
AVAIL-04393,IV-016,2026-11-03 14:00,future
AVAIL-04394,IV-016,2026-11-03 15:00,future
AVAIL-04395,IV-016,2026-11-03 16:00,future
AVAIL-04396,IV-016,2026-11-05 09:00,future
AVAIL-04397,IV-016,2026-11-05 10:00,future
AVAIL-04398,IV-016,2026-11-05 11:00,future
AVAIL-04399,IV-016,2026-11-05 13:00,future
AVAIL-04400,IV-016,2026-11-05 14:00,future
AVAIL-04401,IV-016,2026-11-05 15:00,future
AVAIL-04402,IV-016,2026-11-05 16:00,future
AVAIL-04403,IV-016,2026-11-06 09:00,future
AVAIL-04404,IV-016,2026-11-06 10:00,future
AVAIL-04405,IV-016,2026-11-06 11:00,future
AVAIL-04406,IV-016,2026-11-06 13:00,future
AVAIL-04407,IV-016,2026-11-06 14:00,future
AVAIL-04408,IV-016,2026-11-06 15:00,future
AVAIL-04409,IV-016,2026-11-06 16:00,future
AVAIL-04410,IV-016,2026-11-16 09:00,future
AVAIL-04411,IV-016,2026-11-16 10:00,future
AVAIL-04412,IV-016,2026-11-16 13:00,future
AVAIL-04413,IV-016,2026-11-16 14:00,future
AVAIL-04414,IV-016,2026-11-16 16:00,future
AVAIL-04415,IV-016,2026-11-17 09:00,future
AVAIL-04416,IV-016,2026-11-17 10:00,future
AVAIL-04417,IV-016,2026-11-17 13:00,future
AVAIL-04418,IV-016,2026-11-17 15:00,future
AVAIL-04419,IV-016,2026-11-18 09:00,future
AVAIL-04420,IV-016,2026-11-18 11:00,future
AVAIL-04421,IV-016,2026-11-18 13:00,future
AVAIL-04422,IV-016,2026-11-18 16:00,future
AVAIL-04423,IV-016,2026-11-19 09:00,future
AVAIL-04424,IV-016,2026-11-19 10:00,future
AVAIL-04425,IV-016,2026-11-19 11:00,future
AVAIL-04426,IV-016,2026-11-19 13:00,future
AVAIL-04427,IV-016,2026-11-19 14:00,future
AVAIL-04428,IV-016,2026-11-19 16:00,future
AVAIL-04429,IV-016,2026-11-20 09:00,future
AVAIL-04430,IV-016,2026-11-20 11:00,future
AVAIL-04431,IV-016,2026-11-20 13:00,future
AVAIL-04432,IV-016,2026-11-20 14:00,future
AVAIL-04433,IV-016,2026-11-20 15:00,future
AVAIL-04434,IV-016,2026-11-20 16:00,future
AVAIL-04435,IV-017,2026-07-28 10:00,past
AVAIL-04436,IV-017,2026-07-28 11:00,past
AVAIL-04437,IV-017,2026-07-28 15:00,past
AVAIL-04438,IV-017,2026-07-28 16:00,past
AVAIL-04439,IV-017,2026-07-30 11:00,past
AVAIL-04440,IV-017,2026-08-03 11:00,past
AVAIL-04441,IV-017,2026-08-05 16:00,past
AVAIL-04442,IV-017,2026-08-07 09:00,past
AVAIL-04443,IV-017,2026-08-07 10:00,past
AVAIL-04444,IV-017,2026-08-07 14:00,past
AVAIL-04445,IV-017,2026-08-12 13:00,past
AVAIL-04446,IV-017,2026-08-12 16:00,past
AVAIL-04447,IV-017,2026-08-14 09:00,past
AVAIL-04448,IV-017,2026-08-14 11:00,past
AVAIL-04449,IV-017,2026-08-14 14:00,past
AVAIL-04450,IV-017,2026-08-19 15:00,past
AVAIL-04451,IV-017,2026-08-19 16:00,past
AVAIL-04452,IV-017,2026-08-25 09:00,future
AVAIL-04453,IV-017,2026-08-25 10:00,future
AVAIL-04454,IV-017,2026-08-25 11:00,future
AVAIL-04455,IV-017,2026-08-25 13:00,future
AVAIL-04456,IV-017,2026-08-25 14:00,future
AVAIL-04457,IV-017,2026-08-25 15:00,future
AVAIL-04458,IV-017,2026-08-25 16:00,future
AVAIL-04459,IV-017,2026-08-26 09:00,future
AVAIL-04460,IV-017,2026-08-26 10:00,future
AVAIL-04461,IV-017,2026-08-26 11:00,future
AVAIL-04462,IV-017,2026-08-26 13:00,future
AVAIL-04463,IV-017,2026-08-26 14:00,future
AVAIL-04464,IV-017,2026-08-26 15:00,future
AVAIL-04465,IV-017,2026-08-26 16:00,future
AVAIL-04466,IV-017,2026-08-27 09:00,future
AVAIL-04467,IV-017,2026-08-27 10:00,future
AVAIL-04468,IV-017,2026-08-27 11:00,future
AVAIL-04469,IV-017,2026-08-27 13:00,future
AVAIL-04470,IV-017,2026-08-27 14:00,future
AVAIL-04471,IV-017,2026-08-27 16:00,future
AVAIL-04472,IV-017,2026-08-31 09:00,future
AVAIL-04473,IV-017,2026-08-31 10:00,future
AVAIL-04474,IV-017,2026-08-31 11:00,future
AVAIL-04475,IV-017,2026-08-31 13:00,future
AVAIL-04476,IV-017,2026-08-31 14:00,future
AVAIL-04477,IV-017,2026-08-31 15:00,future
AVAIL-04478,IV-017,2026-08-31 16:00,future
AVAIL-04479,IV-017,2026-09-01 09:00,future
AVAIL-04480,IV-017,2026-09-01 10:00,future
AVAIL-04481,IV-017,2026-09-01 11:00,future
AVAIL-04482,IV-017,2026-09-01 14:00,future
AVAIL-04483,IV-017,2026-09-01 15:00,future
AVAIL-04484,IV-017,2026-09-01 16:00,future
AVAIL-04485,IV-017,2026-09-02 09:00,future
AVAIL-04486,IV-017,2026-09-02 10:00,future
AVAIL-04487,IV-017,2026-09-02 11:00,future
AVAIL-04488,IV-017,2026-09-02 13:00,future
AVAIL-04489,IV-017,2026-09-02 14:00,future
AVAIL-04490,IV-017,2026-09-02 15:00,future
AVAIL-04491,IV-017,2026-09-02 16:00,future
AVAIL-04492,IV-017,2026-09-04 09:00,future
AVAIL-04493,IV-017,2026-09-04 11:00,future
AVAIL-04494,IV-017,2026-09-04 13:00,future
AVAIL-04495,IV-017,2026-09-04 15:00,future
AVAIL-04496,IV-017,2026-09-04 16:00,future
AVAIL-04497,IV-017,2026-09-09 09:00,future
AVAIL-04498,IV-017,2026-09-09 10:00,future
AVAIL-04499,IV-017,2026-09-09 11:00,future
AVAIL-04500,IV-017,2026-09-09 13:00,future
AVAIL-04501,IV-017,2026-09-09 14:00,future
AVAIL-04502,IV-017,2026-09-09 15:00,future
AVAIL-04503,IV-017,2026-09-09 16:00,future
AVAIL-04504,IV-017,2026-09-11 09:00,future
AVAIL-04505,IV-017,2026-09-11 10:00,future
AVAIL-04506,IV-017,2026-09-11 11:00,future
AVAIL-04507,IV-017,2026-09-11 13:00,future
AVAIL-04508,IV-017,2026-09-11 14:00,future
AVAIL-04509,IV-017,2026-09-11 15:00,future
AVAIL-04510,IV-017,2026-09-11 16:00,future
AVAIL-04511,IV-017,2026-09-16 09:00,future
AVAIL-04512,IV-017,2026-09-16 10:00,future
AVAIL-04513,IV-017,2026-09-16 11:00,future
AVAIL-04514,IV-017,2026-09-16 13:00,future
AVAIL-04515,IV-017,2026-09-16 14:00,future
AVAIL-04516,IV-017,2026-09-16 15:00,future
AVAIL-04517,IV-017,2026-09-16 16:00,future
AVAIL-04518,IV-017,2026-09-17 09:00,future
AVAIL-04519,IV-017,2026-09-17 10:00,future
AVAIL-04520,IV-017,2026-09-17 11:00,future
AVAIL-04521,IV-017,2026-09-17 13:00,future
AVAIL-04522,IV-017,2026-09-17 14:00,future
AVAIL-04523,IV-017,2026-09-17 15:00,future
AVAIL-04524,IV-017,2026-09-17 16:00,future
AVAIL-04525,IV-017,2026-09-18 09:00,future
AVAIL-04526,IV-017,2026-09-18 10:00,future
AVAIL-04527,IV-017,2026-09-18 11:00,future
AVAIL-04528,IV-017,2026-09-18 13:00,future
AVAIL-04529,IV-017,2026-09-18 15:00,future
AVAIL-04530,IV-017,2026-09-18 16:00,future
AVAIL-04531,IV-017,2026-09-22 10:00,future
AVAIL-04532,IV-017,2026-09-22 13:00,future
AVAIL-04533,IV-017,2026-09-22 14:00,future
AVAIL-04534,IV-017,2026-09-22 15:00,future
AVAIL-04535,IV-017,2026-09-22 16:00,future
AVAIL-04536,IV-017,2026-09-25 09:00,future
AVAIL-04537,IV-017,2026-09-25 10:00,future
AVAIL-04538,IV-017,2026-09-25 13:00,future
AVAIL-04539,IV-017,2026-09-25 15:00,future
AVAIL-04540,IV-017,2026-09-28 09:00,future
AVAIL-04541,IV-017,2026-09-28 10:00,future
AVAIL-04542,IV-017,2026-09-28 11:00,future
AVAIL-04543,IV-017,2026-09-28 13:00,future
AVAIL-04544,IV-017,2026-09-28 14:00,future
AVAIL-04545,IV-017,2026-09-28 15:00,future
AVAIL-04546,IV-017,2026-09-29 09:00,future
AVAIL-04547,IV-017,2026-09-29 10:00,future
AVAIL-04548,IV-017,2026-09-29 11:00,future
AVAIL-04549,IV-017,2026-09-29 13:00,future
AVAIL-04550,IV-017,2026-09-29 14:00,future
AVAIL-04551,IV-017,2026-10-01 09:00,future
AVAIL-04552,IV-017,2026-10-01 10:00,future
AVAIL-04553,IV-017,2026-10-01 11:00,future
AVAIL-04554,IV-017,2026-10-01 13:00,future
AVAIL-04555,IV-017,2026-10-01 14:00,future
AVAIL-04556,IV-017,2026-10-01 15:00,future
AVAIL-04557,IV-017,2026-10-01 16:00,future
AVAIL-04558,IV-017,2026-10-02 09:00,future
AVAIL-04559,IV-017,2026-10-02 10:00,future
AVAIL-04560,IV-017,2026-10-02 11:00,future
AVAIL-04561,IV-017,2026-10-02 14:00,future
AVAIL-04562,IV-017,2026-10-02 15:00,future
AVAIL-04563,IV-017,2026-10-02 16:00,future
AVAIL-04564,IV-017,2026-10-07 09:00,future
AVAIL-04565,IV-017,2026-10-07 10:00,future
AVAIL-04566,IV-017,2026-10-07 11:00,future
AVAIL-04567,IV-017,2026-10-07 13:00,future
AVAIL-04568,IV-017,2026-10-07 14:00,future
AVAIL-04569,IV-017,2026-10-07 15:00,future
AVAIL-04570,IV-017,2026-10-07 16:00,future
AVAIL-04571,IV-017,2026-10-08 09:00,future
AVAIL-04572,IV-017,2026-10-08 10:00,future
AVAIL-04573,IV-017,2026-10-08 11:00,future
AVAIL-04574,IV-017,2026-10-08 13:00,future
AVAIL-04575,IV-017,2026-10-08 14:00,future
AVAIL-04576,IV-017,2026-10-08 15:00,future
AVAIL-04577,IV-017,2026-10-08 16:00,future
AVAIL-04578,IV-017,2026-10-09 09:00,future
AVAIL-04579,IV-017,2026-10-09 10:00,future
AVAIL-04580,IV-017,2026-10-09 11:00,future
AVAIL-04581,IV-017,2026-10-09 13:00,future
AVAIL-04582,IV-017,2026-10-09 15:00,future
AVAIL-04583,IV-017,2026-10-09 16:00,future
AVAIL-04584,IV-017,2026-10-12 10:00,future
AVAIL-04585,IV-017,2026-10-12 11:00,future
AVAIL-04586,IV-017,2026-10-12 13:00,future
AVAIL-04587,IV-017,2026-10-12 14:00,future
AVAIL-04588,IV-017,2026-10-12 15:00,future
AVAIL-04589,IV-017,2026-10-13 09:00,future
AVAIL-04590,IV-017,2026-10-13 10:00,future
AVAIL-04591,IV-017,2026-10-13 11:00,future
AVAIL-04592,IV-017,2026-10-13 13:00,future
AVAIL-04593,IV-017,2026-10-13 14:00,future
AVAIL-04594,IV-017,2026-10-13 15:00,future
AVAIL-04595,IV-017,2026-10-13 16:00,future
AVAIL-04596,IV-017,2026-10-14 09:00,future
AVAIL-04597,IV-017,2026-10-14 10:00,future
AVAIL-04598,IV-017,2026-10-14 11:00,future
AVAIL-04599,IV-017,2026-10-14 13:00,future
AVAIL-04600,IV-017,2026-10-14 14:00,future
AVAIL-04601,IV-017,2026-10-14 15:00,future
AVAIL-04602,IV-017,2026-10-14 16:00,future
AVAIL-04603,IV-017,2026-10-19 09:00,future
AVAIL-04604,IV-017,2026-10-19 10:00,future
AVAIL-04605,IV-017,2026-10-19 11:00,future
AVAIL-04606,IV-017,2026-10-19 13:00,future
AVAIL-04607,IV-017,2026-10-19 14:00,future
AVAIL-04608,IV-017,2026-10-19 15:00,future
AVAIL-04609,IV-017,2026-10-19 16:00,future
AVAIL-04610,IV-017,2026-10-20 09:00,future
AVAIL-04611,IV-017,2026-10-20 10:00,future
AVAIL-04612,IV-017,2026-10-20 11:00,future
AVAIL-04613,IV-017,2026-10-20 13:00,future
AVAIL-04614,IV-017,2026-10-20 14:00,future
AVAIL-04615,IV-017,2026-10-20 15:00,future
AVAIL-04616,IV-017,2026-10-20 16:00,future
AVAIL-04617,IV-017,2026-10-23 09:00,future
AVAIL-04618,IV-017,2026-10-23 10:00,future
AVAIL-04619,IV-017,2026-10-23 11:00,future
AVAIL-04620,IV-017,2026-10-23 13:00,future
AVAIL-04621,IV-017,2026-10-26 09:00,future
AVAIL-04622,IV-017,2026-10-26 10:00,future
AVAIL-04623,IV-017,2026-10-26 11:00,future
AVAIL-04624,IV-017,2026-10-26 13:00,future
AVAIL-04625,IV-017,2026-10-26 14:00,future
AVAIL-04626,IV-017,2026-10-26 15:00,future
AVAIL-04627,IV-017,2026-10-26 16:00,future
AVAIL-04628,IV-017,2026-10-28 10:00,future
AVAIL-04629,IV-017,2026-10-28 11:00,future
AVAIL-04630,IV-017,2026-10-28 13:00,future
AVAIL-04631,IV-017,2026-10-28 14:00,future
AVAIL-04632,IV-017,2026-10-28 15:00,future
AVAIL-04633,IV-017,2026-10-28 16:00,future
AVAIL-04634,IV-017,2026-10-29 09:00,future
AVAIL-04635,IV-017,2026-10-29 10:00,future
AVAIL-04636,IV-017,2026-10-29 11:00,future
AVAIL-04637,IV-017,2026-10-29 13:00,future
AVAIL-04638,IV-017,2026-10-29 14:00,future
AVAIL-04639,IV-017,2026-10-29 15:00,future
AVAIL-04640,IV-017,2026-10-29 16:00,future
AVAIL-04641,IV-017,2026-10-30 09:00,future
AVAIL-04642,IV-017,2026-10-30 10:00,future
AVAIL-04643,IV-017,2026-10-30 11:00,future
AVAIL-04644,IV-017,2026-10-30 13:00,future
AVAIL-04645,IV-017,2026-10-30 14:00,future
AVAIL-04646,IV-017,2026-10-30 16:00,future
AVAIL-04647,IV-017,2026-11-03 09:00,future
AVAIL-04648,IV-017,2026-11-03 10:00,future
AVAIL-04649,IV-017,2026-11-03 11:00,future
AVAIL-04650,IV-017,2026-11-03 14:00,future
AVAIL-04651,IV-017,2026-11-03 15:00,future
AVAIL-04652,IV-017,2026-11-03 16:00,future
AVAIL-04653,IV-017,2026-11-04 09:00,future
AVAIL-04654,IV-017,2026-11-04 10:00,future
AVAIL-04655,IV-017,2026-11-04 11:00,future
AVAIL-04656,IV-017,2026-11-04 13:00,future
AVAIL-04657,IV-017,2026-11-04 14:00,future
AVAIL-04658,IV-017,2026-11-04 16:00,future
AVAIL-04659,IV-017,2026-11-06 09:00,future
AVAIL-04660,IV-017,2026-11-06 10:00,future
AVAIL-04661,IV-017,2026-11-06 11:00,future
AVAIL-04662,IV-017,2026-11-06 13:00,future
AVAIL-04663,IV-017,2026-11-06 14:00,future
AVAIL-04664,IV-017,2026-11-06 15:00,future
AVAIL-04665,IV-017,2026-11-06 16:00,future
AVAIL-04666,IV-017,2026-11-09 09:00,future
AVAIL-04667,IV-017,2026-11-09 10:00,future
AVAIL-04668,IV-017,2026-11-09 11:00,future
AVAIL-04669,IV-017,2026-11-09 13:00,future
AVAIL-04670,IV-017,2026-11-09 14:00,future
AVAIL-04671,IV-017,2026-11-09 15:00,future
AVAIL-04672,IV-017,2026-11-09 16:00,future
AVAIL-04673,IV-017,2026-11-11 09:00,future
AVAIL-04674,IV-017,2026-11-11 10:00,future
AVAIL-04675,IV-017,2026-11-11 11:00,future
AVAIL-04676,IV-017,2026-11-11 13:00,future
AVAIL-04677,IV-017,2026-11-11 14:00,future
AVAIL-04678,IV-017,2026-11-11 15:00,future
AVAIL-04679,IV-017,2026-11-11 16:00,future
AVAIL-04680,IV-017,2026-11-13 09:00,future
AVAIL-04681,IV-017,2026-11-13 10:00,future
AVAIL-04682,IV-017,2026-11-13 11:00,future
AVAIL-04683,IV-017,2026-11-13 13:00,future
AVAIL-04684,IV-017,2026-11-13 14:00,future
AVAIL-04685,IV-017,2026-11-13 15:00,future
AVAIL-04686,IV-017,2026-11-13 16:00,future
AVAIL-04687,IV-017,2026-11-17 09:00,future
AVAIL-04688,IV-017,2026-11-17 10:00,future
AVAIL-04689,IV-017,2026-11-17 11:00,future
AVAIL-04690,IV-017,2026-11-17 13:00,future
AVAIL-04691,IV-017,2026-11-17 14:00,future
AVAIL-04692,IV-017,2026-11-17 15:00,future
AVAIL-04693,IV-017,2026-11-17 16:00,future
AVAIL-04694,IV-017,2026-11-18 09:00,future
AVAIL-04695,IV-017,2026-11-18 10:00,future
AVAIL-04696,IV-017,2026-11-18 11:00,future
AVAIL-04697,IV-017,2026-11-18 13:00,future
AVAIL-04698,IV-017,2026-11-18 14:00,future
AVAIL-04699,IV-017,2026-11-18 15:00,future
AVAIL-04700,IV-017,2026-11-18 16:00,future
AVAIL-04701,IV-018,2026-07-28 09:00,past
AVAIL-04702,IV-018,2026-08-03 10:00,past
AVAIL-04703,IV-018,2026-08-03 11:00,past
AVAIL-04704,IV-018,2026-08-03 15:00,past
AVAIL-04705,IV-018,2026-08-06 10:00,past
AVAIL-04706,IV-018,2026-08-06 14:00,past
AVAIL-04707,IV-018,2026-08-06 15:00,past
AVAIL-04708,IV-018,2026-08-10 14:00,past
AVAIL-04709,IV-018,2026-08-10 15:00,past
AVAIL-04710,IV-018,2026-08-10 16:00,past
AVAIL-04711,IV-018,2026-08-11 09:00,past
AVAIL-04712,IV-018,2026-08-11 15:00,past
AVAIL-04713,IV-018,2026-08-13 13:00,past
AVAIL-04714,IV-018,2026-08-13 14:00,past
AVAIL-04715,IV-018,2026-08-14 15:00,past
AVAIL-04716,IV-018,2026-08-20 13:00,past
AVAIL-04717,IV-018,2026-08-21 09:00,past
AVAIL-04718,IV-018,2026-08-21 13:00,past
AVAIL-04719,IV-018,2026-08-24 09:00,future
AVAIL-04720,IV-018,2026-08-24 10:00,future
AVAIL-04721,IV-018,2026-08-24 13:00,future
AVAIL-04722,IV-018,2026-08-24 14:00,future
AVAIL-04723,IV-018,2026-08-24 15:00,future
AVAIL-04724,IV-018,2026-08-24 16:00,future
AVAIL-04725,IV-018,2026-08-25 09:00,future
AVAIL-04726,IV-018,2026-08-25 10:00,future
AVAIL-04727,IV-018,2026-08-25 11:00,future
AVAIL-04728,IV-018,2026-08-25 13:00,future
AVAIL-04729,IV-018,2026-08-25 14:00,future
AVAIL-04730,IV-018,2026-08-25 15:00,future
AVAIL-04731,IV-018,2026-08-25 16:00,future
AVAIL-04732,IV-018,2026-08-26 09:00,future
AVAIL-04733,IV-018,2026-08-26 10:00,future
AVAIL-04734,IV-018,2026-08-26 11:00,future
AVAIL-04735,IV-018,2026-08-26 13:00,future
AVAIL-04736,IV-018,2026-08-26 14:00,future
AVAIL-04737,IV-018,2026-08-26 15:00,future
AVAIL-04738,IV-018,2026-08-26 16:00,future
AVAIL-04739,IV-018,2026-08-27 09:00,future
AVAIL-04740,IV-018,2026-08-27 10:00,future
AVAIL-04741,IV-018,2026-08-27 11:00,future
AVAIL-04742,IV-018,2026-08-27 13:00,future
AVAIL-04743,IV-018,2026-08-27 14:00,future
AVAIL-04744,IV-018,2026-08-27 15:00,future
AVAIL-04745,IV-018,2026-08-27 16:00,future
AVAIL-04746,IV-018,2026-08-28 09:00,future
AVAIL-04747,IV-018,2026-08-28 10:00,future
AVAIL-04748,IV-018,2026-08-28 11:00,future
AVAIL-04749,IV-018,2026-08-28 13:00,future
AVAIL-04750,IV-018,2026-08-28 15:00,future
AVAIL-04751,IV-018,2026-08-28 16:00,future
AVAIL-04752,IV-018,2026-08-31 09:00,future
AVAIL-04753,IV-018,2026-08-31 10:00,future
AVAIL-04754,IV-018,2026-08-31 11:00,future
AVAIL-04755,IV-018,2026-08-31 13:00,future
AVAIL-04756,IV-018,2026-08-31 14:00,future
AVAIL-04757,IV-018,2026-08-31 15:00,future
AVAIL-04758,IV-018,2026-08-31 16:00,future
AVAIL-04759,IV-018,2026-09-03 09:00,future
AVAIL-04760,IV-018,2026-09-03 10:00,future
AVAIL-04761,IV-018,2026-09-03 11:00,future
AVAIL-04762,IV-018,2026-09-03 13:00,future
AVAIL-04763,IV-018,2026-09-03 14:00,future
AVAIL-04764,IV-018,2026-09-03 15:00,future
AVAIL-04765,IV-018,2026-09-03 16:00,future
AVAIL-04766,IV-018,2026-09-09 09:00,future
AVAIL-04767,IV-018,2026-09-09 10:00,future
AVAIL-04768,IV-018,2026-09-09 11:00,future
AVAIL-04769,IV-018,2026-09-09 13:00,future
AVAIL-04770,IV-018,2026-09-09 14:00,future
AVAIL-04771,IV-018,2026-09-09 15:00,future
AVAIL-04772,IV-018,2026-09-09 16:00,future
AVAIL-04773,IV-018,2026-09-11 09:00,future
AVAIL-04774,IV-018,2026-09-11 10:00,future
AVAIL-04775,IV-018,2026-09-11 11:00,future
AVAIL-04776,IV-018,2026-09-11 13:00,future
AVAIL-04777,IV-018,2026-09-11 14:00,future
AVAIL-04778,IV-018,2026-09-11 15:00,future
AVAIL-04779,IV-018,2026-09-11 16:00,future
AVAIL-04780,IV-018,2026-09-16 09:00,future
AVAIL-04781,IV-018,2026-09-16 10:00,future
AVAIL-04782,IV-018,2026-09-16 11:00,future
AVAIL-04783,IV-018,2026-09-16 14:00,future
AVAIL-04784,IV-018,2026-09-16 15:00,future
AVAIL-04785,IV-018,2026-09-16 16:00,future
AVAIL-04786,IV-018,2026-09-24 09:00,future
AVAIL-04787,IV-018,2026-09-24 10:00,future
AVAIL-04788,IV-018,2026-09-24 11:00,future
AVAIL-04789,IV-018,2026-09-24 13:00,future
AVAIL-04790,IV-018,2026-09-24 14:00,future
AVAIL-04791,IV-018,2026-09-24 15:00,future
AVAIL-04792,IV-018,2026-09-24 16:00,future
AVAIL-04793,IV-018,2026-09-28 10:00,future
AVAIL-04794,IV-018,2026-09-28 11:00,future
AVAIL-04795,IV-018,2026-09-28 13:00,future
AVAIL-04796,IV-018,2026-09-28 14:00,future
AVAIL-04797,IV-018,2026-09-28 15:00,future
AVAIL-04798,IV-018,2026-09-28 16:00,future
AVAIL-04799,IV-018,2026-09-29 10:00,future
AVAIL-04800,IV-018,2026-09-29 11:00,future
AVAIL-04801,IV-018,2026-09-29 14:00,future
AVAIL-04802,IV-018,2026-09-29 15:00,future
AVAIL-04803,IV-018,2026-09-29 16:00,future
AVAIL-04804,IV-018,2026-10-02 09:00,future
AVAIL-04805,IV-018,2026-10-02 10:00,future
AVAIL-04806,IV-018,2026-10-02 11:00,future
AVAIL-04807,IV-018,2026-10-02 13:00,future
AVAIL-04808,IV-018,2026-10-02 14:00,future
AVAIL-04809,IV-018,2026-10-02 15:00,future
AVAIL-04810,IV-018,2026-10-02 16:00,future
AVAIL-04811,IV-018,2026-10-05 09:00,future
AVAIL-04812,IV-018,2026-10-05 10:00,future
AVAIL-04813,IV-018,2026-10-05 11:00,future
AVAIL-04814,IV-018,2026-10-05 13:00,future
AVAIL-04815,IV-018,2026-10-05 14:00,future
AVAIL-04816,IV-018,2026-10-05 15:00,future
AVAIL-04817,IV-018,2026-10-06 09:00,future
AVAIL-04818,IV-018,2026-10-06 10:00,future
AVAIL-04819,IV-018,2026-10-06 11:00,future
AVAIL-04820,IV-018,2026-10-06 13:00,future
AVAIL-04821,IV-018,2026-10-06 14:00,future
AVAIL-04822,IV-018,2026-10-06 15:00,future
AVAIL-04823,IV-018,2026-10-06 16:00,future
AVAIL-04824,IV-018,2026-10-07 09:00,future
AVAIL-04825,IV-018,2026-10-07 10:00,future
AVAIL-04826,IV-018,2026-10-07 11:00,future
AVAIL-04827,IV-018,2026-10-07 14:00,future
AVAIL-04828,IV-018,2026-10-07 15:00,future
AVAIL-04829,IV-018,2026-10-09 09:00,future
AVAIL-04830,IV-018,2026-10-09 10:00,future
AVAIL-04831,IV-018,2026-10-09 11:00,future
AVAIL-04832,IV-018,2026-10-09 13:00,future
AVAIL-04833,IV-018,2026-10-09 14:00,future
AVAIL-04834,IV-018,2026-10-09 16:00,future
AVAIL-04835,IV-018,2026-10-12 09:00,future
AVAIL-04836,IV-018,2026-10-12 10:00,future
AVAIL-04837,IV-018,2026-10-12 11:00,future
AVAIL-04838,IV-018,2026-10-12 13:00,future
AVAIL-04839,IV-018,2026-10-12 14:00,future
AVAIL-04840,IV-018,2026-10-12 15:00,future
AVAIL-04841,IV-018,2026-10-12 16:00,future
AVAIL-04842,IV-018,2026-10-15 09:00,future
AVAIL-04843,IV-018,2026-10-15 10:00,future
AVAIL-04844,IV-018,2026-10-15 13:00,future
AVAIL-04845,IV-018,2026-10-15 14:00,future
AVAIL-04846,IV-018,2026-10-15 15:00,future
AVAIL-04847,IV-018,2026-10-15 16:00,future
AVAIL-04848,IV-018,2026-10-19 09:00,future
AVAIL-04849,IV-018,2026-10-19 10:00,future
AVAIL-04850,IV-018,2026-10-19 11:00,future
AVAIL-04851,IV-018,2026-10-19 13:00,future
AVAIL-04852,IV-018,2026-10-19 14:00,future
AVAIL-04853,IV-018,2026-10-19 15:00,future
AVAIL-04854,IV-018,2026-10-19 16:00,future
AVAIL-04855,IV-018,2026-10-23 09:00,future
AVAIL-04856,IV-018,2026-10-23 10:00,future
AVAIL-04857,IV-018,2026-10-23 11:00,future
AVAIL-04858,IV-018,2026-10-23 13:00,future
AVAIL-04859,IV-018,2026-10-23 14:00,future
AVAIL-04860,IV-018,2026-10-23 15:00,future
AVAIL-04861,IV-018,2026-10-23 16:00,future
AVAIL-04862,IV-018,2026-10-26 09:00,future
AVAIL-04863,IV-018,2026-10-26 10:00,future
AVAIL-04864,IV-018,2026-10-26 11:00,future
AVAIL-04865,IV-018,2026-10-26 13:00,future
AVAIL-04866,IV-018,2026-10-26 14:00,future
AVAIL-04867,IV-018,2026-10-26 15:00,future
AVAIL-04868,IV-018,2026-10-26 16:00,future
AVAIL-04869,IV-018,2026-10-28 09:00,future
AVAIL-04870,IV-018,2026-10-28 10:00,future
AVAIL-04871,IV-018,2026-10-28 11:00,future
AVAIL-04872,IV-018,2026-10-28 13:00,future
AVAIL-04873,IV-018,2026-10-28 14:00,future
AVAIL-04874,IV-018,2026-10-28 15:00,future
AVAIL-04875,IV-018,2026-10-28 16:00,future
AVAIL-04876,IV-018,2026-10-29 09:00,future
AVAIL-04877,IV-018,2026-10-29 10:00,future
AVAIL-04878,IV-018,2026-10-29 11:00,future
AVAIL-04879,IV-018,2026-10-29 13:00,future
AVAIL-04880,IV-018,2026-10-29 14:00,future
AVAIL-04881,IV-018,2026-10-29 15:00,future
AVAIL-04882,IV-018,2026-10-29 16:00,future
AVAIL-04883,IV-018,2026-11-02 09:00,future
AVAIL-04884,IV-018,2026-11-02 10:00,future
AVAIL-04885,IV-018,2026-11-02 11:00,future
AVAIL-04886,IV-018,2026-11-02 13:00,future
AVAIL-04887,IV-018,2026-11-02 14:00,future
AVAIL-04888,IV-018,2026-11-02 15:00,future
AVAIL-04889,IV-018,2026-11-02 16:00,future
AVAIL-04890,IV-018,2026-11-03 09:00,future
AVAIL-04891,IV-018,2026-11-03 11:00,future
AVAIL-04892,IV-018,2026-11-03 13:00,future
AVAIL-04893,IV-018,2026-11-03 14:00,future
AVAIL-04894,IV-018,2026-11-03 15:00,future
AVAIL-04895,IV-018,2026-11-03 16:00,future
AVAIL-04896,IV-018,2026-11-06 09:00,future
AVAIL-04897,IV-018,2026-11-06 10:00,future
AVAIL-04898,IV-018,2026-11-06 11:00,future
AVAIL-04899,IV-018,2026-11-06 13:00,future
AVAIL-04900,IV-018,2026-11-06 14:00,future
AVAIL-04901,IV-018,2026-11-06 15:00,future
AVAIL-04902,IV-018,2026-11-06 16:00,future
AVAIL-04903,IV-018,2026-11-09 09:00,future
AVAIL-04904,IV-018,2026-11-09 10:00,future
AVAIL-04905,IV-018,2026-11-09 11:00,future
AVAIL-04906,IV-018,2026-11-09 13:00,future
AVAIL-04907,IV-018,2026-11-09 14:00,future
AVAIL-04908,IV-018,2026-11-09 15:00,future
AVAIL-04909,IV-018,2026-11-09 16:00,future
AVAIL-04910,IV-018,2026-11-11 09:00,future
AVAIL-04911,IV-018,2026-11-11 10:00,future
AVAIL-04912,IV-018,2026-11-11 11:00,future
AVAIL-04913,IV-018,2026-11-11 13:00,future
AVAIL-04914,IV-018,2026-11-11 14:00,future
AVAIL-04915,IV-018,2026-11-11 15:00,future
AVAIL-04916,IV-018,2026-11-11 16:00,future
AVAIL-04917,IV-018,2026-11-19 09:00,future
AVAIL-04918,IV-018,2026-11-19 10:00,future
AVAIL-04919,IV-018,2026-11-19 11:00,future
AVAIL-04920,IV-018,2026-11-19 13:00,future
AVAIL-04921,IV-018,2026-11-19 14:00,future
AVAIL-04922,IV-018,2026-11-19 15:00,future
AVAIL-04923,IV-018,2026-11-19 16:00,future
AVAIL-04924,IV-018,2026-11-20 09:00,future
AVAIL-04925,IV-018,2026-11-20 10:00,future
AVAIL-04926,IV-018,2026-11-20 11:00,future
AVAIL-04927,IV-018,2026-11-20 13:00,future
AVAIL-04928,IV-018,2026-11-20 14:00,future
AVAIL-04929,IV-018,2026-11-20 15:00,future
AVAIL-04930,IV-018,2026-11-20 16:00,future
